i,j,seq_i,seq_j,score_i,score_j,hamming,identity
1,1,R25_1,R25_1,0.9477,0.9477,0,1.0
1,2,R25_1,R25_2,0.9477,0.9468,32,0.8661087866108786
1,3,R25_1,R25_3,0.9477,0.9468,25,0.895397489539749
1,4,R25_1,R25_4,0.9477,0.9466,33,0.8619246861924686
1,5,R25_1,R25_5,0.9477,0.9464,25,0.895397489539749
1,6,R25_1,R25_6,0.9477,0.9463,37,0.8451882845188284
1,7,R25_1,R25_7,0.9477,0.9462,31,0.8702928870292888
1,8,R25_1,R25_8,0.9477,0.9458,32,0.8661087866108786
1,9,R25_1,R25_9,0.9477,0.9457,40,0.8326359832635983
1,10,R25_1,R25_10,0.9477,0.9455,37,0.8451882845188284
1,11,R25_1,R25_11,0.9477,0.9454,36,0.8493723849372385
1,12,R25_1,R25_12,0.9477,0.9452,35,0.8535564853556485
1,13,R25_1,R25_13,0.9477,0.9451,47,0.803347280334728
1,14,R25_1,R25_14,0.9477,0.9451,40,0.8326359832635983
1,15,R25_1,R25_15,0.9477,0.9451,61,0.7447698744769875
1,16,R25_1,R26_16,0.9477,0.9449,41,0.8284518828451883
1,17,R25_1,R25_17,0.9477,0.9448,40,0.8326359832635983
1,18,R25_1,R25_18,0.9477,0.9448,32,0.8661087866108786
1,19,R25_1,R25_19,0.9477,0.9448,42,0.8242677824267782
1,20,R25_1,R25_20,0.9477,0.9448,43,0.8200836820083682
1,21,R25_1,R24_21,0.9477,0.9447,43,0.8200836820083682
1,22,R25_1,R25_22,0.9477,0.9447,32,0.8661087866108786
1,23,R25_1,R25_23,0.9477,0.9447,40,0.8326359832635983
1,24,R25_1,R26_24,0.9477,0.9446,35,0.8535564853556485
1,25,R25_1,R25_25,0.9477,0.9446,37,0.8451882845188284
1,26,R25_1,R25_26,0.9477,0.9446,31,0.8702928870292888
1,27,R25_1,R25_27,0.9477,0.9446,39,0.8368200836820083
1,28,R25_1,R26_28,0.9477,0.9445,39,0.8368200836820083
1,29,R25_1,R25_29,0.9477,0.9445,27,0.8870292887029289
1,30,R25_1,R25_30,0.9477,0.9445,33,0.8619246861924686
1,31,R25_1,R25_31,0.9477,0.9444,38,0.8410041841004184
1,32,R25_1,R25_32,0.9477,0.9444,35,0.8535564853556485
1,33,R25_1,R25_33,0.9477,0.9444,46,0.8075313807531381
1,34,R25_1,R24_34,0.9477,0.9443,40,0.8326359832635983
1,35,R25_1,R25_35,0.9477,0.9443,32,0.8661087866108786
1,36,R25_1,R25_36,0.9477,0.9443,29,0.8786610878661087
1,37,R25_1,R25_37,0.9477,0.9443,33,0.8619246861924686
1,38,R25_1,R25_38,0.9477,0.9442,28,0.8828451882845189
1,39,R25_1,R25_39,0.9477,0.9442,29,0.8786610878661087
1,40,R25_1,R25_40,0.9477,0.9442,31,0.8702928870292888
2,1,R25_2,R25_1,0.9468,0.9477,32,0.8661087866108786
2,2,R25_2,R25_2,0.9468,0.9468,0,1.0
2,3,R25_2,R25_3,0.9468,0.9468,41,0.8284518828451883
2,4,R25_2,R25_4,0.9468,0.9466,21,0.9121338912133892
2,5,R25_2,R25_5,0.9468,0.9464,32,0.8661087866108786
2,6,R25_2,R25_6,0.9468,0.9463,47,0.803347280334728
2,7,R25_2,R25_7,0.9468,0.9462,29,0.8786610878661087
2,8,R25_2,R25_8,0.9468,0.9458,23,0.9037656903765691
2,9,R25_2,R25_9,0.9468,0.9457,44,0.8158995815899581
2,10,R25_2,R25_10,0.9468,0.9455,32,0.8661087866108786
2,11,R25_2,R25_11,0.9468,0.9454,41,0.8284518828451883
2,12,R25_2,R25_12,0.9468,0.9452,31,0.8702928870292888
2,13,R25_2,R25_13,0.9468,0.9451,43,0.8200836820083682
2,14,R25_2,R25_14,0.9468,0.9451,34,0.8577405857740585
2,15,R25_2,R25_15,0.9468,0.9451,55,0.7698744769874477
2,16,R25_2,R26_16,0.9468,0.9449,41,0.8284518828451883
2,17,R25_2,R25_17,0.9468,0.9448,40,0.8326359832635983
2,18,R25_2,R25_18,0.9468,0.9448,36,0.8493723849372385
2,19,R25_2,R25_19,0.9468,0.9448,33,0.8619246861924686
2,20,R25_2,R25_20,0.9468,0.9448,37,0.8451882845188284
2,21,R25_2,R24_21,0.9468,0.9447,36,0.8493723849372385
2,22,R25_2,R25_22,0.9468,0.9447,36,0.8493723849372385
2,23,R25_2,R25_23,0.9468,0.9447,36,0.8493723849372385
2,24,R25_2,R26_24,0.9468,0.9446,34,0.8577405857740585
2,25,R25_2,R25_25,0.9468,0.9446,30,0.8744769874476988
2,26,R25_2,R25_26,0.9468,0.9446,33,0.8619246861924686
2,27,R25_2,R25_27,0.9468,0.9446,30,0.8744769874476988
2,28,R25_2,R26_28,0.9468,0.9445,40,0.8326359832635983
2,29,R25_2,R25_29,0.9468,0.9445,32,0.8661087866108786
2,30,R25_2,R25_30,0.9468,0.9445,24,0.899581589958159
2,31,R25_2,R25_31,0.9468,0.9444,35,0.8535564853556485
2,32,R25_2,R25_32,0.9468,0.9444,25,0.895397489539749
2,33,R25_2,R25_33,0.9468,0.9444,45,0.8117154811715481
2,34,R25_2,R24_34,0.9468,0.9443,37,0.8451882845188284
2,35,R25_2,R25_35,0.9468,0.9443,42,0.8242677824267782
2,36,R25_2,R25_36,0.9468,0.9443,34,0.8577405857740585
2,37,R25_2,R25_37,0.9468,0.9443,31,0.8702928870292888
2,38,R25_2,R25_38,0.9468,0.9442,31,0.8702928870292888
2,39,R25_2,R25_39,0.9468,0.9442,33,0.8619246861924686
2,40,R25_2,R25_40,0.9468,0.9442,22,0.9079497907949791
3,1,R25_3,R25_1,0.9468,0.9477,25,0.895397489539749
3,2,R25_3,R25_2,0.9468,0.9468,41,0.8284518828451883
3,3,R25_3,R25_3,0.9468,0.9468,0,1.0
3,4,R25_3,R25_4,0.9468,0.9466,37,0.8451882845188284
3,5,R25_3,R25_5,0.9468,0.9464,31,0.8702928870292888
3,6,R25_3,R25_6,0.9468,0.9463,40,0.8326359832635983
3,7,R25_3,R25_7,0.9468,0.9462,30,0.8744769874476988
3,8,R25_3,R25_8,0.9468,0.9458,35,0.8535564853556485
3,9,R25_3,R25_9,0.9468,0.9457,38,0.8410041841004184
3,10,R25_3,R25_10,0.9468,0.9455,36,0.8493723849372385
3,11,R25_3,R25_11,0.9468,0.9454,39,0.8368200836820083
3,12,R25_3,R25_12,0.9468,0.9452,38,0.8410041841004184
3,13,R25_3,R25_13,0.9468,0.9451,43,0.8200836820083682
3,14,R25_3,R25_14,0.9468,0.9451,45,0.8117154811715481
3,15,R25_3,R25_15,0.9468,0.9451,63,0.7364016736401673
3,16,R25_3,R26_16,0.9468,0.9449,41,0.8284518828451883
3,17,R25_3,R25_17,0.9468,0.9448,39,0.8368200836820083
3,18,R25_3,R25_18,0.9468,0.9448,35,0.8535564853556485
3,19,R25_3,R25_19,0.9468,0.9448,44,0.8158995815899581
3,20,R25_3,R25_20,0.9468,0.9448,46,0.8075313807531381
3,21,R25_3,R24_21,0.9468,0.9447,40,0.8326359832635983
3,22,R25_3,R25_22,0.9468,0.9447,35,0.8535564853556485
3,23,R25_3,R25_23,0.9468,0.9447,41,0.8284518828451883
3,24,R25_3,R26_24,0.9468,0.9446,35,0.8535564853556485
3,25,R25_3,R25_25,0.9468,0.9446,32,0.8661087866108786
3,26,R25_3,R25_26,0.9468,0.9446,33,0.8619246861924686
3,27,R25_3,R25_27,0.9468,0.9446,34,0.8577405857740585
3,28,R25_3,R26_28,0.9468,0.9445,40,0.8326359832635983
3,29,R25_3,R25_29,0.9468,0.9445,26,0.891213389121339
3,30,R25_3,R25_30,0.9468,0.9445,34,0.8577405857740585
3,31,R25_3,R25_31,0.9468,0.9444,32,0.8661087866108786
3,32,R25_3,R25_32,0.9468,0.9444,41,0.8284518828451883
3,33,R25_3,R25_33,0.9468,0.9444,44,0.8158995815899581
3,34,R25_3,R24_34,0.9468,0.9443,37,0.8451882845188284
3,35,R25_3,R25_35,0.9468,0.9443,28,0.8828451882845189
3,36,R25_3,R25_36,0.9468,0.9443,24,0.899581589958159
3,37,R25_3,R25_37,0.9468,0.9443,34,0.8577405857740585
3,38,R25_3,R25_38,0.9468,0.9442,32,0.8661087866108786
3,39,R25_3,R25_39,0.9468,0.9442,39,0.8368200836820083
3,40,R25_3,R25_40,0.9468,0.9442,40,0.8326359832635983
4,1,R25_4,R25_1,0.9466,0.9477,33,0.8619246861924686
4,2,R25_4,R25_2,0.9466,0.9468,21,0.9121338912133892
4,3,R25_4,R25_3,0.9466,0.9468,37,0.8451882845188284
4,4,R25_4,R25_4,0.9466,0.9466,0,1.0
4,5,R25_4,R25_5,0.9466,0.9464,32,0.8661087866108786
4,6,R25_4,R25_6,0.9466,0.9463,44,0.8158995815899581
4,7,R25_4,R25_7,0.9466,0.9462,26,0.891213389121339
4,8,R25_4,R25_8,0.9466,0.9458,23,0.9037656903765691
4,9,R25_4,R25_9,0.9466,0.9457,44,0.8158995815899581
4,10,R25_4,R25_10,0.9466,0.9455,26,0.891213389121339
4,11,R25_4,R25_11,0.9466,0.9454,41,0.8284518828451883
4,12,R25_4,R25_12,0.9466,0.9452,27,0.8870292887029289
4,13,R25_4,R25_13,0.9466,0.9451,42,0.8242677824267782
4,14,R25_4,R25_14,0.9466,0.9451,30,0.8744769874476988
4,15,R25_4,R25_15,0.9466,0.9451,59,0.7531380753138075
4,16,R25_4,R26_16,0.9466,0.9449,41,0.8284518828451883
4,17,R25_4,R25_17,0.9466,0.9448,38,0.8410041841004184
4,18,R25_4,R25_18,0.9466,0.9448,36,0.8493723849372385
4,19,R25_4,R25_19,0.9466,0.9448,33,0.8619246861924686
4,20,R25_4,R25_20,0.9466,0.9448,37,0.8451882845188284
4,21,R25_4,R24_21,0.9466,0.9447,36,0.8493723849372385
4,22,R25_4,R25_22,0.9466,0.9447,36,0.8493723849372385
4,23,R25_4,R25_23,0.9466,0.9447,36,0.8493723849372385
4,24,R25_4,R26_24,0.9466,0.9446,31,0.8702928870292888
4,25,R25_4,R25_25,0.9466,0.9446,28,0.8828451882845189
4,26,R25_4,R25_26,0.9466,0.9446,31,0.8702928870292888
4,27,R25_4,R25_27,0.9466,0.9446,23,0.9037656903765691
4,28,R25_4,R26_28,0.9466,0.9445,41,0.8284518828451883
4,29,R25_4,R25_29,0.9466,0.9445,34,0.8577405857740585
4,30,R25_4,R25_30,0.9466,0.9445,24,0.899581589958159
4,31,R25_4,R25_31,0.9466,0.9444,34,0.8577405857740585
4,32,R25_4,R25_32,0.9466,0.9444,26,0.891213389121339
4,33,R25_4,R25_33,0.9466,0.9444,47,0.803347280334728
4,34,R25_4,R24_34,0.9466,0.9443,40,0.8326359832635983
4,35,R25_4,R25_35,0.9466,0.9443,35,0.8535564853556485
4,36,R25_4,R25_36,0.9466,0.9443,31,0.8702928870292888
4,37,R25_4,R25_37,0.9466,0.9443,26,0.891213389121339
4,38,R25_4,R25_38,0.9466,0.9442,30,0.8744769874476988
4,39,R25_4,R25_39,0.9466,0.9442,32,0.8661087866108786
4,40,R25_4,R25_40,0.9466,0.9442,28,0.8828451882845189
5,1,R25_5,R25_1,0.9464,0.9477,25,0.895397489539749
5,2,R25_5,R25_2,0.9464,0.9468,32,0.8661087866108786
5,3,R25_5,R25_3,0.9464,0.9468,31,0.8702928870292888
5,4,R25_5,R25_4,0.9464,0.9466,32,0.8661087866108786
5,5,R25_5,R25_5,0.9464,0.9464,0,1.0
5,6,R25_5,R25_6,0.9464,0.9463,26,0.891213389121339
5,7,R25_5,R25_7,0.9464,0.9462,29,0.8786610878661087
5,8,R25_5,R25_8,0.9464,0.9458,33,0.8619246861924686
5,9,R25_5,R25_9,0.9464,0.9457,44,0.8158995815899581
5,10,R25_5,R25_10,0.9464,0.9455,37,0.8451882845188284
5,11,R25_5,R25_11,0.9464,0.9454,35,0.8535564853556485
5,12,R25_5,R25_12,0.9464,0.9452,33,0.8619246861924686
5,13,R25_5,R25_13,0.9464,0.9451,48,0.799163179916318
5,14,R25_5,R25_14,0.9464,0.9451,33,0.8619246861924686
5,15,R25_5,R25_15,0.9464,0.9451,60,0.7489539748953975
5,16,R25_5,R26_16,0.9464,0.9449,39,0.8368200836820083
5,17,R25_5,R25_17,0.9464,0.9448,34,0.8577405857740585
5,18,R25_5,R25_18,0.9464,0.9448,37,0.8451882845188284
5,19,R25_5,R25_19,0.9464,0.9448,36,0.8493723849372385
5,20,R25_5,R25_20,0.9464,0.9448,40,0.8326359832635983
5,21,R25_5,R24_21,0.9464,0.9447,40,0.8326359832635983
5,22,R25_5,R25_22,0.9464,0.9447,35,0.8535564853556485
5,23,R25_5,R25_23,0.9464,0.9447,42,0.8242677824267782
5,24,R25_5,R26_24,0.9464,0.9446,33,0.8619246861924686
5,25,R25_5,R25_25,0.9464,0.9446,30,0.8744769874476988
5,26,R25_5,R25_26,0.9464,0.9446,30,0.8744769874476988
5,27,R25_5,R25_27,0.9464,0.9446,32,0.8661087866108786
5,28,R25_5,R26_28,0.9464,0.9445,40,0.8326359832635983
5,29,R25_5,R25_29,0.9464,0.9445,27,0.8870292887029289
5,30,R25_5,R25_30,0.9464,0.9445,35,0.8535564853556485
5,31,R25_5,R25_31,0.9464,0.9444,33,0.8619246861924686
5,32,R25_5,R25_32,0.9464,0.9444,32,0.8661087866108786
5,33,R25_5,R25_33,0.9464,0.9444,48,0.799163179916318
5,34,R25_5,R24_34,0.9464,0.9443,39,0.8368200836820083
5,35,R25_5,R25_35,0.9464,0.9443,35,0.8535564853556485
5,36,R25_5,R25_36,0.9464,0.9443,31,0.8702928870292888
5,37,R25_5,R25_37,0.9464,0.9443,30,0.8744769874476988
5,38,R25_5,R25_38,0.9464,0.9442,28,0.8828451882845189
5,39,R25_5,R25_39,0.9464,0.9442,34,0.8577405857740585
5,40,R25_5,R25_40,0.9464,0.9442,35,0.8535564853556485
6,1,R25_6,R25_1,0.9463,0.9477,37,0.8451882845188284
6,2,R25_6,R25_2,0.9463,0.9468,47,0.803347280334728
6,3,R25_6,R25_3,0.9463,0.9468,40,0.8326359832635983
6,4,R25_6,R25_4,0.9463,0.9466,44,0.8158995815899581
6,5,R25_6,R25_5,0.9463,0.9464,26,0.891213389121339
6,6,R25_6,R25_6,0.9463,0.9463,0,1.0
6,7,R25_6,R25_7,0.9463,0.9462,36,0.8493723849372385
6,8,R25_6,R25_8,0.9463,0.9458,47,0.803347280334728
6,9,R25_6,R25_9,0.9463,0.9457,30,0.8744769874476988
6,10,R25_6,R25_10,0.9463,0.9455,50,0.7907949790794979
6,11,R25_6,R25_11,0.9463,0.9454,38,0.8410041841004184
6,12,R25_6,R25_12,0.9463,0.9452,43,0.8200836820083682
6,13,R25_6,R25_13,0.9463,0.9451,51,0.7866108786610879
6,14,R25_6,R25_14,0.9463,0.9451,46,0.8075313807531381
6,15,R25_6,R25_15,0.9463,0.9451,48,0.799163179916318
6,16,R25_6,R26_16,0.9463,0.9449,42,0.8242677824267782
6,17,R25_6,R25_17,0.9463,0.9448,41,0.8284518828451883
6,18,R25_6,R25_18,0.9463,0.9448,41,0.8284518828451883
6,19,R25_6,R25_19,0.9463,0.9448,50,0.7907949790794979
6,20,R25_6,R25_20,0.9463,0.9448,52,0.7824267782426778
6,21,R25_6,R24_21,0.9463,0.9447,50,0.7907949790794979
6,22,R25_6,R25_22,0.9463,0.9447,42,0.8242677824267782
6,23,R25_6,R25_23,0.9463,0.9447,52,0.7824267782426778
6,24,R25_6,R26_24,0.9463,0.9446,43,0.8200836820083682
6,25,R25_6,R25_25,0.9463,0.9446,38,0.8410041841004184
6,26,R25_6,R25_26,0.9463,0.9446,40,0.8326359832635983
6,27,R25_6,R25_27,0.9463,0.9446,47,0.803347280334728
6,28,R25_6,R26_28,0.9463,0.9445,43,0.8200836820083682
6,29,R25_6,R25_29,0.9463,0.9445,39,0.8368200836820083
6,30,R25_6,R25_30,0.9463,0.9445,45,0.8117154811715481
6,31,R25_6,R25_31,0.9463,0.9444,40,0.8326359832635983
6,32,R25_6,R25_32,0.9463,0.9444,45,0.8117154811715481
6,33,R25_6,R25_33,0.9463,0.9444,39,0.8368200836820083
6,34,R25_6,R24_34,0.9463,0.9443,48,0.799163179916318
6,35,R25_6,R25_35,0.9463,0.9443,44,0.8158995815899581
6,36,R25_6,R25_36,0.9463,0.9443,47,0.803347280334728
6,37,R25_6,R25_37,0.9463,0.9443,40,0.8326359832635983
6,38,R25_6,R25_38,0.9463,0.9442,40,0.8326359832635983
6,39,R25_6,R25_39,0.9463,0.9442,49,0.7949790794979079
6,40,R25_6,R25_40,0.9463,0.9442,50,0.7907949790794979
7,1,R25_7,R25_1,0.9462,0.9477,31,0.8702928870292888
7,2,R25_7,R25_2,0.9462,0.9468,29,0.8786610878661087
7,3,R25_7,R25_3,0.9462,0.9468,30,0.8744769874476988
7,4,R25_7,R25_4,0.9462,0.9466,26,0.891213389121339
7,5,R25_7,R25_5,0.9462,0.9464,29,0.8786610878661087
7,6,R25_7,R25_6,0.9462,0.9463,36,0.8493723849372385
7,7,R25_7,R25_7,0.9462,0.9462,0,1.0
7,8,R25_7,R25_8,0.9462,0.9458,24,0.899581589958159
7,9,R25_7,R25_9,0.9462,0.9457,46,0.8075313807531381
7,10,R25_7,R25_10,0.9462,0.9455,27,0.8870292887029289
7,11,R25_7,R25_11,0.9462,0.9454,36,0.8493723849372385
7,12,R25_7,R25_12,0.9462,0.9452,30,0.8744769874476988
7,13,R25_7,R25_13,0.9462,0.9451,42,0.8242677824267782
7,14,R25_7,R25_14,0.9462,0.9451,30,0.8744769874476988
7,15,R25_7,R25_15,0.9462,0.9451,65,0.7280334728033473
7,16,R25_7,R26_16,0.9462,0.9449,35,0.8535564853556485
7,17,R25_7,R25_17,0.9462,0.9448,34,0.8577405857740585
7,18,R25_7,R25_18,0.9462,0.9448,34,0.8577405857740585
7,19,R25_7,R25_19,0.9462,0.9448,33,0.8619246861924686
7,20,R25_7,R25_20,0.9462,0.9448,35,0.8535564853556485
7,21,R25_7,R24_21,0.9462,0.9447,35,0.8535564853556485
7,22,R25_7,R25_22,0.9462,0.9447,38,0.8410041841004184
7,23,R25_7,R25_23,0.9462,0.9447,44,0.8158995815899581
7,24,R25_7,R26_24,0.9462,0.9446,34,0.8577405857740585
7,25,R25_7,R25_25,0.9462,0.9446,21,0.9121338912133892
7,26,R25_7,R25_26,0.9462,0.9446,27,0.8870292887029289
7,27,R25_7,R25_27,0.9462,0.9446,28,0.8828451882845189
7,28,R25_7,R26_28,0.9462,0.9445,41,0.8284518828451883
7,29,R25_7,R25_29,0.9462,0.9445,13,0.9456066945606695
7,30,R25_7,R25_30,0.9462,0.9445,22,0.9079497907949791
7,31,R25_7,R25_31,0.9462,0.9444,36,0.8493723849372385
7,32,R25_7,R25_32,0.9462,0.9444,29,0.8786610878661087
7,33,R25_7,R25_33,0.9462,0.9444,43,0.8200836820083682
7,34,R25_7,R24_34,0.9462,0.9443,43,0.8200836820083682
7,35,R25_7,R25_35,0.9462,0.9443,30,0.8744769874476988
7,36,R25_7,R25_36,0.9462,0.9443,34,0.8577405857740585
7,37,R25_7,R25_37,0.9462,0.9443,18,0.9246861924686193
7,38,R25_7,R25_38,0.9462,0.9442,28,0.8828451882845189
7,39,R25_7,R25_39,0.9462,0.9442,35,0.8535564853556485
7,40,R25_7,R25_40,0.9462,0.9442,27,0.8870292887029289
8,1,R25_8,R25_1,0.9458,0.9477,32,0.8661087866108786
8,2,R25_8,R25_2,0.9458,0.9468,23,0.9037656903765691
8,3,R25_8,R25_3,0.9458,0.9468,35,0.8535564853556485
8,4,R25_8,R25_4,0.9458,0.9466,23,0.9037656903765691
8,5,R25_8,R25_5,0.9458,0.9464,33,0.8619246861924686
8,6,R25_8,R25_6,0.9458,0.9463,47,0.803347280334728
8,7,R25_8,R25_7,0.9458,0.9462,24,0.899581589958159
8,8,R25_8,R25_8,0.9458,0.9458,0,1.0
8,9,R25_8,R25_9,0.9458,0.9457,44,0.8158995815899581
8,10,R25_8,R25_10,0.9458,0.9455,25,0.895397489539749
8,11,R25_8,R25_11,0.9458,0.9454,43,0.8200836820083682
8,12,R25_8,R25_12,0.9458,0.9452,33,0.8619246861924686
8,13,R25_8,R25_13,0.9458,0.9451,49,0.7949790794979079
8,14,R25_8,R25_14,0.9458,0.9451,33,0.8619246861924686
8,15,R25_8,R25_15,0.9458,0.9451,63,0.7364016736401673
8,16,R25_8,R26_16,0.9458,0.9449,43,0.8200836820083682
8,17,R25_8,R25_17,0.9458,0.9448,41,0.8284518828451883
8,18,R25_8,R25_18,0.9458,0.9448,38,0.8410041841004184
8,19,R25_8,R25_19,0.9458,0.9448,37,0.8451882845188284
8,20,R25_8,R25_20,0.9458,0.9448,37,0.8451882845188284
8,21,R25_8,R24_21,0.9458,0.9447,41,0.8284518828451883
8,22,R25_8,R25_22,0.9458,0.9447,36,0.8493723849372385
8,23,R25_8,R25_23,0.9458,0.9447,44,0.8158995815899581
8,24,R25_8,R26_24,0.9458,0.9446,37,0.8451882845188284
8,25,R25_8,R25_25,0.9458,0.9446,30,0.8744769874476988
8,26,R25_8,R25_26,0.9458,0.9446,30,0.8744769874476988
8,27,R25_8,R25_27,0.9458,0.9446,29,0.8786610878661087
8,28,R25_8,R26_28,0.9458,0.9445,46,0.8075313807531381
8,29,R25_8,R25_29,0.9458,0.9445,31,0.8702928870292888
8,30,R25_8,R25_30,0.9458,0.9445,24,0.899581589958159
8,31,R25_8,R25_31,0.9458,0.9444,38,0.8410041841004184
8,32,R25_8,R25_32,0.9458,0.9444,27,0.8870292887029289
8,33,R25_8,R25_33,0.9458,0.9444,51,0.7866108786610879
8,34,R25_8,R24_34,0.9458,0.9443,42,0.8242677824267782
8,35,R25_8,R25_35,0.9458,0.9443,36,0.8493723849372385
8,36,R25_8,R25_36,0.9458,0.9443,29,0.8786610878661087
8,37,R25_8,R25_37,0.9458,0.9443,25,0.895397489539749
8,38,R25_8,R25_38,0.9458,0.9442,35,0.8535564853556485
8,39,R25_8,R25_39,0.9458,0.9442,32,0.8661087866108786
8,40,R25_8,R25_40,0.9458,0.9442,20,0.9163179916317992
9,1,R25_9,R25_1,0.9457,0.9477,40,0.8326359832635983
9,2,R25_9,R25_2,0.9457,0.9468,44,0.8158995815899581
9,3,R25_9,R25_3,0.9457,0.9468,38,0.8410041841004184
9,4,R25_9,R25_4,0.9457,0.9466,44,0.8158995815899581
9,5,R25_9,R25_5,0.9457,0.9464,44,0.8158995815899581
9,6,R25_9,R25_6,0.9457,0.9463,30,0.8744769874476988
9,7,R25_9,R25_7,0.9457,0.9462,46,0.8075313807531381
9,8,R25_9,R25_8,0.9457,0.9458,44,0.8158995815899581
9,9,R25_9,R25_9,0.9457,0.9457,0,1.0
9,10,R25_9,R25_10,0.9457,0.9455,47,0.803347280334728
9,11,R25_9,R25_11,0.9457,0.9454,31,0.8702928870292888
9,12,R25_9,R25_12,0.9457,0.9452,37,0.8451882845188284
9,13,R25_9,R25_13,0.9457,0.9451,51,0.7866108786610879
9,14,R25_9,R25_14,0.9457,0.9451,56,0.7656903765690377
9,15,R25_9,R25_15,0.9457,0.9451,41,0.8284518828451883
9,16,R25_9,R26_16,0.9457,0.9449,43,0.8200836820083682
9,17,R25_9,R25_17,0.9457,0.9448,45,0.8117154811715481
9,18,R25_9,R25_18,0.9457,0.9448,38,0.8410041841004184
9,19,R25_9,R25_19,0.9457,0.9448,54,0.7740585774058577
9,20,R25_9,R25_20,0.9457,0.9448,56,0.7656903765690377
9,21,R25_9,R24_21,0.9457,0.9447,44,0.8158995815899581
9,22,R25_9,R25_22,0.9457,0.9447,42,0.8242677824267782
9,23,R25_9,R25_23,0.9457,0.9447,43,0.8200836820083682
9,24,R25_9,R26_24,0.9457,0.9446,37,0.8451882845188284
9,25,R25_9,R25_25,0.9457,0.9446,42,0.8242677824267782
9,26,R25_9,R25_26,0.9457,0.9446,47,0.803347280334728
9,27,R25_9,R25_27,0.9457,0.9446,41,0.8284518828451883
9,28,R25_9,R26_28,0.9457,0.9445,43,0.8200836820083682
9,29,R25_9,R25_29,0.9457,0.9445,45,0.8117154811715481
9,30,R25_9,R25_30,0.9457,0.9445,39,0.8368200836820083
9,31,R25_9,R25_31,0.9457,0.9444,35,0.8535564853556485
9,32,R25_9,R25_32,0.9457,0.9444,43,0.8200836820083682
9,33,R25_9,R25_33,0.9457,0.9444,38,0.8410041841004184
9,34,R25_9,R24_34,0.9457,0.9443,46,0.8075313807531381
9,35,R25_9,R25_35,0.9457,0.9443,44,0.8158995815899581
9,36,R25_9,R25_36,0.9457,0.9443,36,0.8493723849372385
9,37,R25_9,R25_37,0.9457,0.9443,45,0.8117154811715481
9,38,R25_9,R25_38,0.9457,0.9442,39,0.8368200836820083
9,39,R25_9,R25_39,0.9457,0.9442,51,0.7866108786610879
9,40,R25_9,R25_40,0.9457,0.9442,46,0.8075313807531381
10,1,R25_10,R25_1,0.9455,0.9477,37,0.8451882845188284
10,2,R25_10,R25_2,0.9455,0.9468,32,0.8661087866108786
10,3,R25_10,R25_3,0.9455,0.9468,36,0.8493723849372385
10,4,R25_10,R25_4,0.9455,0.9466,26,0.891213389121339
10,5,R25_10,R25_5,0.9455,0.9464,37,0.8451882845188284
10,6,R25_10,R25_6,0.9455,0.9463,50,0.7907949790794979
10,7,R25_10,R25_7,0.9455,0.9462,27,0.8870292887029289
10,8,R25_10,R25_8,0.9455,0.9458,25,0.895397489539749
10,9,R25_10,R25_9,0.9455,0.9457,47,0.803347280334728
10,10,R25_10,R25_10,0.9455,0.9455,0,1.0
10,11,R25_10,R25_11,0.9455,0.9454,47,0.803347280334728
10,12,R25_10,R25_12,0.9455,0.9452,32,0.8661087866108786
10,13,R25_10,R25_13,0.9455,0.9451,50,0.7907949790794979
10,14,R25_10,R25_14,0.9455,0.9451,35,0.8535564853556485
10,15,R25_10,R25_15,0.9455,0.9451,62,0.7405857740585774
10,16,R25_10,R26_16,0.9455,0.9449,44,0.8158995815899581
10,17,R25_10,R25_17,0.9455,0.9448,42,0.8242677824267782
10,18,R25_10,R25_18,0.9455,0.9448,43,0.8200836820083682
10,19,R25_10,R25_19,0.9455,0.9448,45,0.8117154811715481
10,20,R25_10,R25_20,0.9455,0.9448,41,0.8284518828451883
10,21,R25_10,R24_21,0.9455,0.9447,47,0.803347280334728
10,22,R25_10,R25_22,0.9455,0.9447,43,0.8200836820083682
10,23,R25_10,R25_23,0.9455,0.9447,44,0.8158995815899581
10,24,R25_10,R26_24,0.9455,0.9446,39,0.8368200836820083
10,25,R25_10,R25_25,0.9455,0.9446,26,0.891213389121339
10,26,R25_10,R25_26,0.9455,0.9446,29,0.8786610878661087
10,27,R25_10,R25_27,0.9455,0.9446,22,0.9079497907949791
10,28,R25_10,R26_28,0.9455,0.9445,44,0.8158995815899581
10,29,R25_10,R25_29,0.9455,0.9445,33,0.8619246861924686
10,30,R25_10,R25_30,0.9455,0.9445,30,0.8744769874476988
10,31,R25_10,R25_31,0.9455,0.9444,38,0.8410041841004184
10,32,R25_10,R25_32,0.9455,0.9444,32,0.8661087866108786
10,33,R25_10,R25_33,0.9455,0.9444,55,0.7698744769874477
10,34,R25_10,R24_34,0.9455,0.9443,47,0.803347280334728
10,35,R25_10,R25_35,0.9455,0.9443,39,0.8368200836820083
10,36,R25_10,R25_36,0.9455,0.9443,32,0.8661087866108786
10,37,R25_10,R25_37,0.9455,0.9443,34,0.8577405857740585
10,38,R25_10,R25_38,0.9455,0.9442,39,0.8368200836820083
10,39,R25_10,R25_39,0.9455,0.9442,39,0.8368200836820083
10,40,R25_10,R25_40,0.9455,0.9442,32,0.8661087866108786
11,1,R25_11,R25_1,0.9454,0.9477,36,0.8493723849372385
11,2,R25_11,R25_2,0.9454,0.9468,41,0.8284518828451883
11,3,R25_11,R25_3,0.9454,0.9468,39,0.8368200836820083
11,4,R25_11,R25_4,0.9454,0.9466,41,0.8284518828451883
11,5,R25_11,R25_5,0.9454,0.9464,35,0.8535564853556485
11,6,R25_11,R25_6,0.9454,0.9463,38,0.8410041841004184
11,7,R25_11,R25_7,0.9454,0.9462,36,0.8493723849372385
11,8,R25_11,R25_8,0.9454,0.9458,43,0.8200836820083682
11,9,R25_11,R25_9,0.9454,0.9457,31,0.8702928870292888
11,10,R25_11,R25_10,0.9454,0.9455,47,0.803347280334728
11,11,R25_11,R25_11,0.9454,0.9454,0,1.0
11,12,R25_11,R25_12,0.9454,0.9452,35,0.8535564853556485
11,13,R25_11,R25_13,0.9454,0.9451,33,0.8619246861924686
11,14,R25_11,R25_14,0.9454,0.9451,47,0.803347280334728
11,15,R25_11,R25_15,0.9454,0.9451,61,0.7447698744769875
11,16,R25_11,R26_16,0.9454,0.9449,43,0.8200836820083682
11,17,R25_11,R25_17,0.9454,0.9448,25,0.895397489539749
11,18,R25_11,R25_18,0.9454,0.9448,19,0.9205020920502092
11,19,R25_11,R25_19,0.9454,0.9448,49,0.7949790794979079
11,20,R25_11,R25_20,0.9454,0.9448,51,0.7866108786610879
11,21,R25_11,R24_21,0.9454,0.9447,39,0.8368200836820083
11,22,R25_11,R25_22,0.9454,0.9447,29,0.8786610878661087
11,23,R25_11,R25_23,0.9454,0.9447,34,0.8577405857740585
11,24,R25_11,R26_24,0.9454,0.9446,21,0.9121338912133892
11,25,R25_11,R25_25,0.9454,0.9446,38,0.8410041841004184
11,26,R25_11,R25_26,0.9454,0.9446,37,0.8451882845188284
11,27,R25_11,R25_27,0.9454,0.9446,43,0.8200836820083682
11,28,R25_11,R26_28,0.9454,0.9445,28,0.8828451882845189
11,29,R25_11,R25_29,0.9454,0.9445,35,0.8535564853556485
11,30,R25_11,R25_30,0.9454,0.9445,41,0.8284518828451883
11,31,R25_11,R25_31,0.9454,0.9444,32,0.8661087866108786
11,32,R25_11,R25_32,0.9454,0.9444,41,0.8284518828451883
11,33,R25_11,R25_33,0.9454,0.9444,48,0.799163179916318
11,34,R25_11,R24_34,0.9454,0.9443,31,0.8702928870292888
11,35,R25_11,R25_35,0.9454,0.9443,29,0.8786610878661087
11,36,R25_11,R25_36,0.9454,0.9443,34,0.8577405857740585
11,37,R25_11,R25_37,0.9454,0.9443,34,0.8577405857740585
11,38,R25_11,R25_38,0.9454,0.9442,22,0.9079497907949791
11,39,R25_11,R25_39,0.9454,0.9442,42,0.8242677824267782
11,40,R25_11,R25_40,0.9454,0.9442,41,0.8284518828451883
12,1,R25_12,R25_1,0.9452,0.9477,35,0.8535564853556485
12,2,R25_12,R25_2,0.9452,0.9468,31,0.8702928870292888
12,3,R25_12,R25_3,0.9452,0.9468,38,0.8410041841004184
12,4,R25_12,R25_4,0.9452,0.9466,27,0.8870292887029289
12,5,R25_12,R25_5,0.9452,0.9464,33,0.8619246861924686
12,6,R25_12,R25_6,0.9452,0.9463,43,0.8200836820083682
12,7,R25_12,R25_7,0.9452,0.9462,30,0.8744769874476988
12,8,R25_12,R25_8,0.9452,0.9458,33,0.8619246861924686
12,9,R25_12,R25_9,0.9452,0.9457,37,0.8451882845188284
12,10,R25_12,R25_10,0.9452,0.9455,32,0.8661087866108786
12,11,R25_12,R25_11,0.9452,0.9454,35,0.8535564853556485
12,12,R25_12,R25_12,0.9452,0.9452,0,1.0
12,13,R25_12,R25_13,0.9452,0.9451,50,0.7907949790794979
12,14,R25_12,R25_14,0.9452,0.9451,36,0.8493723849372385
12,15,R25_12,R25_15,0.9452,0.9451,57,0.7615062761506276
12,16,R25_12,R26_16,0.9452,0.9449,36,0.8493723849372385
12,17,R25_12,R25_17,0.9452,0.9448,41,0.8284518828451883
12,18,R25_12,R25_18,0.9452,0.9448,39,0.8368200836820083
12,19,R25_12,R25_19,0.9452,0.9448,37,0.8451882845188284
12,20,R25_12,R25_20,0.9452,0.9448,42,0.8242677824267782
12,21,R25_12,R24_21,0.9452,0.9447,36,0.8493723849372385
12,22,R25_12,R25_22,0.9452,0.9447,44,0.8158995815899581
12,23,R25_12,R25_23,0.9452,0.9447,43,0.8200836820083682
12,24,R25_12,R26_24,0.9452,0.9446,35,0.8535564853556485
12,25,R25_12,R25_25,0.9452,0.9446,27,0.8870292887029289
12,26,R25_12,R25_26,0.9452,0.9446,30,0.8744769874476988
12,27,R25_12,R25_27,0.9452,0.9446,28,0.8828451882845189
12,28,R25_12,R26_28,0.9452,0.9445,41,0.8284518828451883
12,29,R25_12,R25_29,0.9452,0.9445,36,0.8493723849372385
12,30,R25_12,R25_30,0.9452,0.9445,33,0.8619246861924686
12,31,R25_12,R25_31,0.9452,0.9444,31,0.8702928870292888
12,32,R25_12,R25_32,0.9452,0.9444,29,0.8786610878661087
12,33,R25_12,R25_33,0.9452,0.9444,55,0.7698744769874477
12,34,R25_12,R24_34,0.9452,0.9443,42,0.8242677824267782
12,35,R25_12,R25_35,0.9452,0.9443,42,0.8242677824267782
12,36,R25_12,R25_36,0.9452,0.9443,34,0.8577405857740585
12,37,R25_12,R25_37,0.9452,0.9443,29,0.8786610878661087
12,38,R25_12,R25_38,0.9452,0.9442,32,0.8661087866108786
12,39,R25_12,R25_39,0.9452,0.9442,40,0.8326359832635983
12,40,R25_12,R25_40,0.9452,0.9442,34,0.8577405857740585
13,1,R25_13,R25_1,0.9451,0.9477,47,0.803347280334728
13,2,R25_13,R25_2,0.9451,0.9468,43,0.8200836820083682
13,3,R25_13,R25_3,0.9451,0.9468,43,0.8200836820083682
13,4,R25_13,R25_4,0.9451,0.9466,42,0.8242677824267782
13,5,R25_13,R25_5,0.9451,0.9464,48,0.799163179916318
13,6,R25_13,R25_6,0.9451,0.9463,51,0.7866108786610879
13,7,R25_13,R25_7,0.9451,0.9462,42,0.8242677824267782
13,8,R25_13,R25_8,0.9451,0.9458,49,0.7949790794979079
13,9,R25_13,R25_9,0.9451,0.9457,51,0.7866108786610879
13,10,R25_13,R25_10,0.9451,0.9455,50,0.7907949790794979
13,11,R25_13,R25_11,0.9451,0.9454,33,0.8619246861924686
13,12,R25_13,R25_12,0.9451,0.9452,50,0.7907949790794979
13,13,R25_13,R25_13,0.9451,0.9451,0,1.0
13,14,R25_13,R25_14,0.9451,0.9451,50,0.7907949790794979
13,15,R25_13,R25_15,0.9451,0.9451,67,0.7196652719665272
13,16,R25_13,R26_16,0.9451,0.9449,38,0.8410041841004184
13,17,R25_13,R25_17,0.9451,0.9448,36,0.8493723849372385
13,18,R25_13,R25_18,0.9451,0.9448,30,0.8744769874476988
13,19,R25_13,R25_19,0.9451,0.9448,51,0.7866108786610879
13,20,R25_13,R25_20,0.9451,0.9448,56,0.7656903765690377
13,21,R25_13,R24_21,0.9451,0.9447,38,0.8410041841004184
13,22,R25_13,R25_22,0.9451,0.9447,36,0.8493723849372385
13,23,R25_13,R25_23,0.9451,0.9447,35,0.8535564853556485
13,24,R25_13,R26_24,0.9451,0.9446,30,0.8744769874476988
13,25,R25_13,R25_25,0.9451,0.9446,43,0.8200836820083682
13,26,R25_13,R25_26,0.9451,0.9446,45,0.8117154811715481
13,27,R25_13,R25_27,0.9451,0.9446,46,0.8075313807531381
13,28,R25_13,R26_28,0.9451,0.9445,39,0.8368200836820083
13,29,R25_13,R25_29,0.9451,0.9445,43,0.8200836820083682
13,30,R25_13,R25_30,0.9451,0.9445,40,0.8326359832635983
13,31,R25_13,R25_31,0.9451,0.9444,41,0.8284518828451883
13,32,R25_13,R25_32,0.9451,0.9444,51,0.7866108786610879
13,33,R25_13,R25_33,0.9451,0.9444,48,0.799163179916318
13,34,R25_13,R24_34,0.9451,0.9443,37,0.8451882845188284
13,35,R25_13,R25_35,0.9451,0.9443,36,0.8493723849372385
13,36,R25_13,R25_36,0.9451,0.9443,44,0.8158995815899581
13,37,R25_13,R25_37,0.9451,0.9443,39,0.8368200836820083
13,38,R25_13,R25_38,0.9451,0.9442,41,0.8284518828451883
13,39,R25_13,R25_39,0.9451,0.9442,44,0.8158995815899581
13,40,R25_13,R25_40,0.9451,0.9442,46,0.8075313807531381
14,1,R25_14,R25_1,0.9451,0.9477,40,0.8326359832635983
14,2,R25_14,R25_2,0.9451,0.9468,34,0.8577405857740585
14,3,R25_14,R25_3,0.9451,0.9468,45,0.8117154811715481
14,4,R25_14,R25_4,0.9451,0.9466,30,0.8744769874476988
14,5,R25_14,R25_5,0.9451,0.9464,33,0.8619246861924686
14,6,R25_14,R25_6,0.9451,0.9463,46,0.8075313807531381
14,7,R25_14,R25_7,0.9451,0.9462,30,0.8744769874476988
14,8,R25_14,R25_8,0.9451,0.9458,33,0.8619246861924686
14,9,R25_14,R25_9,0.9451,0.9457,56,0.7656903765690377
14,10,R25_14,R25_10,0.9451,0.9455,35,0.8535564853556485
14,11,R25_14,R25_11,0.9451,0.9454,47,0.803347280334728
14,12,R25_14,R25_12,0.9451,0.9452,36,0.8493723849372385
14,13,R25_14,R25_13,0.9451,0.9451,50,0.7907949790794979
14,14,R25_14,R25_14,0.9451,0.9451,0,1.0
14,15,R25_14,R25_15,0.9451,0.9451,65,0.7280334728033473
14,16,R25_14,R26_16,0.9451,0.9449,39,0.8368200836820083
14,17,R25_14,R25_17,0.9451,0.9448,50,0.7907949790794979
14,18,R25_14,R25_18,0.9451,0.9448,50,0.7907949790794979
14,19,R25_14,R25_19,0.9451,0.9448,29,0.8786610878661087
14,20,R25_14,R25_20,0.9451,0.9448,42,0.8242677824267782
14,21,R25_14,R24_21,0.9451,0.9447,44,0.8158995815899581
14,22,R25_14,R25_22,0.9451,0.9447,42,0.8242677824267782
14,23,R25_14,R25_23,0.9451,0.9447,49,0.7949790794979079
14,24,R25_14,R26_24,0.9451,0.9446,44,0.8158995815899581
14,25,R25_14,R25_25,0.9451,0.9446,35,0.8535564853556485
14,26,R25_14,R25_26,0.9451,0.9446,35,0.8535564853556485
14,27,R25_14,R25_27,0.9451,0.9446,40,0.8326359832635983
14,28,R25_14,R26_28,0.9451,0.9445,54,0.7740585774058577
14,29,R25_14,R25_29,0.9451,0.9445,38,0.8410041841004184
14,30,R25_14,R25_30,0.9451,0.9445,33,0.8619246861924686
14,31,R25_14,R25_31,0.9451,0.9444,45,0.8117154811715481
14,32,R25_14,R25_32,0.9451,0.9444,29,0.8786610878661087
14,33,R25_14,R25_33,0.9451,0.9444,62,0.7405857740585774
14,34,R25_14,R24_34,0.9451,0.9443,50,0.7907949790794979
14,35,R25_14,R25_35,0.9451,0.9443,45,0.8117154811715481
14,36,R25_14,R25_36,0.9451,0.9443,41,0.8284518828451883
14,37,R25_14,R25_37,0.9451,0.9443,33,0.8619246861924686
14,38,R25_14,R25_38,0.9451,0.9442,43,0.8200836820083682
14,39,R25_14,R25_39,0.9451,0.9442,38,0.8410041841004184
14,40,R25_14,R25_40,0.9451,0.9442,39,0.8368200836820083
15,1,R25_15,R25_1,0.9451,0.9477,61,0.7447698744769875
15,2,R25_15,R25_2,0.9451,0.9468,55,0.7698744769874477
15,3,R25_15,R25_3,0.9451,0.9468,63,0.7364016736401673
15,4,R25_15,R25_4,0.9451,0.9466,59,0.7531380753138075
15,5,R25_15,R25_5,0.9451,0.9464,60,0.7489539748953975
15,6,R25_15,R25_6,0.9451,0.9463,48,0.799163179916318
15,7,R25_15,R25_7,0.9451,0.9462,65,0.7280334728033473
15,8,R25_15,R25_8,0.9451,0.9458,63,0.7364016736401673
15,9,R25_15,R25_9,0.9451,0.9457,41,0.8284518828451883
15,10,R25_15,R25_10,0.9451,0.9455,62,0.7405857740585774
15,11,R25_15,R25_11,0.9451,0.9454,61,0.7447698744769875
15,12,R25_15,R25_12,0.9451,0.9452,57,0.7615062761506276
15,13,R25_15,R25_13,0.9451,0.9451,67,0.7196652719665272
15,14,R25_15,R25_14,0.9451,0.9451,65,0.7280334728033473
15,15,R25_15,R25_15,0.9451,0.9451,0,1.0
15,16,R25_15,R26_16,0.9451,0.9449,63,0.7364016736401673
15,17,R25_15,R25_17,0.9451,0.9448,67,0.7196652719665272
15,18,R25_15,R25_18,0.9451,0.9448,61,0.7447698744769875
15,19,R25_15,R25_19,0.9451,0.9448,67,0.7196652719665272
15,20,R25_15,R25_20,0.9451,0.9448,67,0.7196652719665272
15,21,R25_15,R24_21,0.9451,0.9447,65,0.7280334728033473
15,22,R25_15,R25_22,0.9451,0.9447,67,0.7196652719665272
15,23,R25_15,R25_23,0.9451,0.9447,66,0.7238493723849373
15,24,R25_15,R26_24,0.9451,0.9446,57,0.7615062761506276
15,25,R25_15,R25_25,0.9451,0.9446,61,0.7447698744769875
15,26,R25_15,R25_26,0.9451,0.9446,64,0.7322175732217573
15,27,R25_15,R25_27,0.9451,0.9446,62,0.7405857740585774
15,28,R25_15,R26_28,0.9451,0.9445,58,0.7573221757322176
15,29,R25_15,R25_29,0.9451,0.9445,66,0.7238493723849373
15,30,R25_15,R25_30,0.9451,0.9445,58,0.7573221757322176
15,31,R25_15,R25_31,0.9451,0.9444,55,0.7698744769874477
15,32,R25_15,R25_32,0.9451,0.9444,60,0.7489539748953975
15,33,R25_15,R25_33,0.9451,0.9444,54,0.7740585774058577
15,34,R25_15,R24_34,0.9451,0.9443,64,0.7322175732217573
15,35,R25_15,R25_35,0.9451,0.9443,70,0.7071129707112971
15,36,R25_15,R25_36,0.9451,0.9443,62,0.7405857740585774
15,37,R25_15,R25_37,0.9451,0.9443,65,0.7280334728033473
15,38,R25_15,R25_38,0.9451,0.9442,63,0.7364016736401673
15,39,R25_15,R25_39,0.9451,0.9442,65,0.7280334728033473
15,40,R25_15,R25_40,0.9451,0.9442,63,0.7364016736401673
16,1,R26_16,R25_1,0.9449,0.9477,41,0.8284518828451883
16,2,R26_16,R25_2,0.9449,0.9468,41,0.8284518828451883
16,3,R26_16,R25_3,0.9449,0.9468,41,0.8284518828451883
16,4,R26_16,R25_4,0.9449,0.9466,41,0.8284518828451883
16,5,R26_16,R25_5,0.9449,0.9464,39,0.8368200836820083
16,6,R26_16,R25_6,0.9449,0.9463,42,0.8242677824267782
16,7,R26_16,R25_7,0.9449,0.9462,35,0.8535564853556485
16,8,R26_16,R25_8,0.9449,0.9458,43,0.8200836820083682
16,9,R26_16,R25_9,0.9449,0.9457,43,0.8200836820083682
16,10,R26_16,R25_10,0.9449,0.9455,44,0.8158995815899581
16,11,R26_16,R25_11,0.9449,0.9454,43,0.8200836820083682
16,12,R26_16,R25_12,0.9449,0.9452,36,0.8493723849372385
16,13,R26_16,R25_13,0.9449,0.9451,38,0.8410041841004184
16,14,R26_16,R25_14,0.9449,0.9451,39,0.8368200836820083
16,15,R26_16,R25_15,0.9449,0.9451,63,0.7364016736401673
16,16,R26_16,R26_16,0.9449,0.9449,0,1.0
16,17,R26_16,R25_17,0.9449,0.9448,47,0.803347280334728
16,18,R26_16,R25_18,0.9449,0.9448,40,0.8326359832635983
16,19,R26_16,R25_19,0.9449,0.9448,44,0.8158995815899581
16,20,R26_16,R25_20,0.9449,0.9448,51,0.7866108786610879
16,21,R26_16,R24_21,0.9449,0.9447,23,0.9037656903765691
16,22,R26_16,R25_22,0.9449,0.9447,48,0.799163179916318
16,23,R26_16,R25_23,0.9449,0.9447,44,0.8158995815899581
16,24,R26_16,R26_24,0.9449,0.9446,48,0.799163179916318
16,25,R26_16,R25_25,0.9449,0.9446,31,0.8702928870292888
16,26,R26_16,R25_26,0.9449,0.9446,36,0.8493723849372385
16,27,R26_16,R25_27,0.9449,0.9446,39,0.8368200836820083
16,28,R26_16,R26_28,0.9449,0.9445,38,0.8410041841004184
16,29,R26_16,R25_29,0.9449,0.9445,39,0.8368200836820083
16,30,R26_16,R25_30,0.9449,0.9445,41,0.8284518828451883
16,31,R26_16,R25_31,0.9449,0.9444,31,0.8702928870292888
16,32,R26_16,R25_32,0.9449,0.9444,43,0.8200836820083682
16,33,R26_16,R25_33,0.9449,0.9444,46,0.8075313807531381
16,34,R26_16,R24_34,0.9449,0.9443,43,0.8200836820083682
16,35,R26_16,R25_35,0.9449,0.9443,44,0.8158995815899581
16,36,R26_16,R25_36,0.9449,0.9443,40,0.8326359832635983
16,37,R26_16,R25_37,0.9449,0.9443,34,0.8577405857740585
16,38,R26_16,R25_38,0.9449,0.9442,41,0.8284518828451883
16,39,R26_16,R25_39,0.9449,0.9442,48,0.799163179916318
16,40,R26_16,R25_40,0.9449,0.9442,45,0.8117154811715481
17,1,R25_17,R25_1,0.9448,0.9477,40,0.8326359832635983
17,2,R25_17,R25_2,0.9448,0.9468,40,0.8326359832635983
17,3,R25_17,R25_3,0.9448,0.9468,39,0.8368200836820083
17,4,R25_17,R25_4,0.9448,0.9466,38,0.8410041841004184
17,5,R25_17,R25_5,0.9448,0.9464,34,0.8577405857740585
17,6,R25_17,R25_6,0.9448,0.9463,41,0.8284518828451883
17,7,R25_17,R25_7,0.9448,0.9462,34,0.8577405857740585
17,8,R25_17,R25_8,0.9448,0.9458,41,0.8284518828451883
17,9,R25_17,R25_9,0.9448,0.9457,45,0.8117154811715481
17,10,R25_17,R25_10,0.9448,0.9455,42,0.8242677824267782
17,11,R25_17,R25_11,0.9448,0.9454,25,0.895397489539749
17,12,R25_17,R25_12,0.9448,0.9452,41,0.8284518828451883
17,13,R25_17,R25_13,0.9448,0.9451,36,0.8493723849372385
17,14,R25_17,R25_14,0.9448,0.9451,50,0.7907949790794979
17,15,R25_17,R25_15,0.9448,0.9451,67,0.7196652719665272
17,16,R25_17,R26_16,0.9448,0.9449,47,0.803347280334728
17,17,R25_17,R25_17,0.9448,0.9448,0,1.0
17,18,R25_17,R25_18,0.9448,0.9448,33,0.8619246861924686
17,19,R25_17,R25_19,0.9448,0.9448,53,0.7782426778242678
17,20,R25_17,R25_20,0.9448,0.9448,55,0.7698744769874477
17,21,R25_17,R24_21,0.9448,0.9447,44,0.8158995815899581
17,22,R25_17,R25_22,0.9448,0.9447,24,0.899581589958159
17,23,R25_17,R25_23,0.9448,0.9447,36,0.8493723849372385
17,24,R25_17,R26_24,0.9448,0.9446,24,0.899581589958159
17,25,R25_17,R25_25,0.9448,0.9446,36,0.8493723849372385
17,26,R25_17,R25_26,0.9448,0.9446,41,0.8284518828451883
17,27,R25_17,R25_27,0.9448,0.9446,36,0.8493723849372385
17,28,R25_17,R26_28,0.9448,0.9445,32,0.8661087866108786
17,29,R25_17,R25_29,0.9448,0.9445,33,0.8619246861924686
17,30,R25_17,R25_30,0.9448,0.9445,35,0.8535564853556485
17,31,R25_17,R25_31,0.9448,0.9444,40,0.8326359832635983
17,32,R25_17,R25_32,0.9448,0.9444,44,0.8158995815899581
17,33,R25_17,R25_33,0.9448,0.9444,47,0.803347280334728
17,34,R25_17,R24_34,0.9448,0.9443,24,0.899581589958159
17,35,R25_17,R25_35,0.9448,0.9443,25,0.895397489539749
17,36,R25_17,R25_36,0.9448,0.9443,33,0.8619246861924686
17,37,R25_17,R25_37,0.9448,0.9443,35,0.8535564853556485
17,38,R25_17,R25_38,0.9448,0.9442,33,0.8619246861924686
17,39,R25_17,R25_39,0.9448,0.9442,35,0.8535564853556485
17,40,R25_17,R25_40,0.9448,0.9442,43,0.8200836820083682
18,1,R25_18,R25_1,0.9448,0.9477,32,0.8661087866108786
18,2,R25_18,R25_2,0.9448,0.9468,36,0.8493723849372385
18,3,R25_18,R25_3,0.9448,0.9468,35,0.8535564853556485
18,4,R25_18,R25_4,0.9448,0.9466,36,0.8493723849372385
18,5,R25_18,R25_5,0.9448,0.9464,37,0.8451882845188284
18,6,R25_18,R25_6,0.9448,0.9463,41,0.8284518828451883
18,7,R25_18,R25_7,0.9448,0.9462,34,0.8577405857740585
18,8,R25_18,R25_8,0.9448,0.9458,38,0.8410041841004184
18,9,R25_18,R25_9,0.9448,0.9457,38,0.8410041841004184
18,10,R25_18,R25_10,0.9448,0.9455,43,0.8200836820083682
18,11,R25_18,R25_11,0.9448,0.9454,19,0.9205020920502092
18,12,R25_18,R25_12,0.9448,0.9452,39,0.8368200836820083
18,13,R25_18,R25_13,0.9448,0.9451,30,0.8744769874476988
18,14,R25_18,R25_14,0.9448,0.9451,50,0.7907949790794979
18,15,R25_18,R25_15,0.9448,0.9451,61,0.7447698744769875
18,16,R25_18,R26_16,0.9448,0.9449,40,0.8326359832635983
18,17,R25_18,R25_17,0.9448,0.9448,33,0.8619246861924686
18,18,R25_18,R25_18,0.9448,0.9448,0,1.0
18,19,R25_18,R25_19,0.9448,0.9448,51,0.7866108786610879
18,20,R25_18,R25_20,0.9448,0.9448,50,0.7907949790794979
18,21,R25_18,R24_21,0.9448,0.9447,38,0.8410041841004184
18,22,R25_18,R25_22,0.9448,0.9447,35,0.8535564853556485
18,23,R25_18,R25_23,0.9448,0.9447,33,0.8619246861924686
18,24,R25_18,R26_24,0.9448,0.9446,27,0.8870292887029289
18,25,R25_18,R25_25,0.9448,0.9446,35,0.8535564853556485
18,26,R25_18,R25_26,0.9448,0.9446,33,0.8619246861924686
18,27,R25_18,R25_27,0.9448,0.9446,41,0.8284518828451883
18,28,R25_18,R26_28,0.9448,0.9445,26,0.891213389121339
18,29,R25_18,R25_29,0.9448,0.9445,33,0.8619246861924686
18,30,R25_18,R25_30,0.9448,0.9445,36,0.8493723849372385
18,31,R25_18,R25_31,0.9448,0.9444,30,0.8744769874476988
18,32,R25_18,R25_32,0.9448,0.9444,46,0.8075313807531381
18,33,R25_18,R25_33,0.9448,0.9444,49,0.7949790794979079
18,34,R25_18,R24_34,0.9448,0.9443,35,0.8535564853556485
18,35,R25_18,R25_35,0.9448,0.9443,31,0.8702928870292888
18,36,R25_18,R25_36,0.9448,0.9443,30,0.8744769874476988
18,37,R25_18,R25_37,0.9448,0.9443,30,0.8744769874476988
18,38,R25_18,R25_38,0.9448,0.9442,23,0.9037656903765691
18,39,R25_18,R25_39,0.9448,0.9442,38,0.8410041841004184
18,40,R25_18,R25_40,0.9448,0.9442,35,0.8535564853556485
19,1,R25_19,R25_1,0.9448,0.9477,42,0.8242677824267782
19,2,R25_19,R25_2,0.9448,0.9468,33,0.8619246861924686
19,3,R25_19,R25_3,0.9448,0.9468,44,0.8158995815899581
19,4,R25_19,R25_4,0.9448,0.9466,33,0.8619246861924686
19,5,R25_19,R25_5,0.9448,0.9464,36,0.8493723849372385
19,6,R25_19,R25_6,0.9448,0.9463,50,0.7907949790794979
19,7,R25_19,R25_7,0.9448,0.9462,33,0.8619246861924686
19,8,R25_19,R25_8,0.9448,0.9458,37,0.8451882845188284
19,9,R25_19,R25_9,0.9448,0.9457,54,0.7740585774058577
19,10,R25_19,R25_10,0.9448,0.9455,45,0.8117154811715481
19,11,R25_19,R25_11,0.9448,0.9454,49,0.7949790794979079
19,12,R25_19,R25_12,0.9448,0.9452,37,0.8451882845188284
19,13,R25_19,R25_13,0.9448,0.9451,51,0.7866108786610879
19,14,R25_19,R25_14,0.9448,0.9451,29,0.8786610878661087
19,15,R25_19,R25_15,0.9448,0.9451,67,0.7196652719665272
19,16,R25_19,R26_16,0.9448,0.9449,44,0.8158995815899581
19,17,R25_19,R25_17,0.9448,0.9448,53,0.7782426778242678
19,18,R25_19,R25_18,0.9448,0.9448,51,0.7866108786610879
19,19,R25_19,R25_19,0.9448,0.9448,0,1.0
19,20,R25_19,R25_20,0.9448,0.9448,46,0.8075313807531381
19,21,R25_19,R24_21,0.9448,0.9447,40,0.8326359832635983
19,22,R25_19,R25_22,0.9448,0.9447,44,0.8158995815899581
19,23,R25_19,R25_23,0.9448,0.9447,49,0.7949790794979079
19,24,R25_19,R26_24,0.9448,0.9446,45,0.8117154811715481
19,25,R25_19,R25_25,0.9448,0.9446,36,0.8493723849372385
19,26,R25_19,R25_26,0.9448,0.9446,41,0.8284518828451883
19,27,R25_19,R25_27,0.9448,0.9446,42,0.8242677824267782
19,28,R25_19,R26_28,0.9448,0.9445,51,0.7866108786610879
19,29,R25_19,R25_29,0.9448,0.9445,39,0.8368200836820083
19,30,R25_19,R25_30,0.9448,0.9445,42,0.8242677824267782
19,31,R25_19,R25_31,0.9448,0.9444,46,0.8075313807531381
19,32,R25_19,R25_32,0.9448,0.9444,35,0.8535564853556485
19,33,R25_19,R25_33,0.9448,0.9444,57,0.7615062761506276
19,34,R25_19,R24_34,0.9448,0.9443,53,0.7782426778242678
19,35,R25_19,R25_35,0.9448,0.9443,49,0.7949790794979079
19,36,R25_19,R25_36,0.9448,0.9443,42,0.8242677824267782
19,37,R25_19,R25_37,0.9448,0.9443,29,0.8786610878661087
19,38,R25_19,R25_38,0.9448,0.9442,43,0.8200836820083682
19,39,R25_19,R25_39,0.9448,0.9442,47,0.803347280334728
19,40,R25_19,R25_40,0.9448,0.9442,37,0.8451882845188284
20,1,R25_20,R25_1,0.9448,0.9477,43,0.8200836820083682
20,2,R25_20,R25_2,0.9448,0.9468,37,0.8451882845188284
20,3,R25_20,R25_3,0.9448,0.9468,46,0.8075313807531381
20,4,R25_20,R25_4,0.9448,0.9466,37,0.8451882845188284
20,5,R25_20,R25_5,0.9448,0.9464,40,0.8326359832635983
20,6,R25_20,R25_6,0.9448,0.9463,52,0.7824267782426778
20,7,R25_20,R25_7,0.9448,0.9462,35,0.8535564853556485
20,8,R25_20,R25_8,0.9448,0.9458,37,0.8451882845188284
20,9,R25_20,R25_9,0.9448,0.9457,56,0.7656903765690377
20,10,R25_20,R25_10,0.9448,0.9455,41,0.8284518828451883
20,11,R25_20,R25_11,0.9448,0.9454,51,0.7866108786610879
20,12,R25_20,R25_12,0.9448,0.9452,42,0.8242677824267782
20,13,R25_20,R25_13,0.9448,0.9451,56,0.7656903765690377
20,14,R25_20,R25_14,0.9448,0.9451,42,0.8242677824267782
20,15,R25_20,R25_15,0.9448,0.9451,67,0.7196652719665272
20,16,R25_20,R26_16,0.9448,0.9449,51,0.7866108786610879
20,17,R25_20,R25_17,0.9448,0.9448,55,0.7698744769874477
20,18,R25_20,R25_18,0.9448,0.9448,50,0.7907949790794979
20,19,R25_20,R25_19,0.9448,0.9448,46,0.8075313807531381
20,20,R25_20,R25_20,0.9448,0.9448,0,1.0
20,21,R25_20,R24_21,0.9448,0.9447,49,0.7949790794979079
20,22,R25_20,R25_22,0.9448,0.9447,52,0.7824267782426778
20,23,R25_20,R25_23,0.9448,0.9447,54,0.7740585774058577
20,24,R25_20,R26_24,0.9448,0.9446,45,0.8117154811715481
20,25,R25_20,R25_25,0.9448,0.9446,38,0.8410041841004184
20,26,R25_20,R25_26,0.9448,0.9446,37,0.8451882845188284
20,27,R25_20,R25_27,0.9448,0.9446,40,0.8326359832635983
20,28,R25_20,R26_28,0.9448,0.9445,55,0.7698744769874477
20,29,R25_20,R25_29,0.9448,0.9445,47,0.803347280334728
20,30,R25_20,R25_30,0.9448,0.9445,40,0.8326359832635983
20,31,R25_20,R25_31,0.9448,0.9444,51,0.7866108786610879
20,32,R25_20,R25_32,0.9448,0.9444,44,0.8158995815899581
20,33,R25_20,R25_33,0.9448,0.9444,57,0.7615062761506276
20,34,R25_20,R24_34,0.9448,0.9443,57,0.7615062761506276
20,35,R25_20,R25_35,0.9448,0.9443,47,0.803347280334728
20,36,R25_20,R25_36,0.9448,0.9443,45,0.8117154811715481
20,37,R25_20,R25_37,0.9448,0.9443,40,0.8326359832635983
20,38,R25_20,R25_38,0.9448,0.9442,44,0.8158995815899581
20,39,R25_20,R25_39,0.9448,0.9442,49,0.7949790794979079
20,40,R25_20,R25_40,0.9448,0.9442,43,0.8200836820083682
21,1,R24_21,R25_1,0.9447,0.9477,43,0.8200836820083682
21,2,R24_21,R25_2,0.9447,0.9468,36,0.8493723849372385
21,3,R24_21,R25_3,0.9447,0.9468,40,0.8326359832635983
21,4,R24_21,R25_4,0.9447,0.9466,36,0.8493723849372385
21,5,R24_21,R25_5,0.9447,0.9464,40,0.8326359832635983
21,6,R24_21,R25_6,0.9447,0.9463,50,0.7907949790794979
21,7,R24_21,R25_7,0.9447,0.9462,35,0.8535564853556485
21,8,R24_21,R25_8,0.9447,0.9458,41,0.8284518828451883
21,9,R24_21,R25_9,0.9447,0.9457,44,0.8158995815899581
21,10,R24_21,R25_10,0.9447,0.9455,47,0.803347280334728
21,11,R24_21,R25_11,0.9447,0.9454,39,0.8368200836820083
21,12,R24_21,R25_12,0.9447,0.9452,36,0.8493723849372385
21,13,R24_21,R25_13,0.9447,0.9451,38,0.8410041841004184
21,14,R24_21,R25_14,0.9447,0.9451,44,0.8158995815899581
21,15,R24_21,R25_15,0.9447,0.9451,65,0.7280334728033473
21,16,R24_21,R26_16,0.9447,0.9449,23,0.9037656903765691
21,17,R24_21,R25_17,0.9447,0.9448,44,0.8158995815899581
21,18,R24_21,R25_18,0.9447,0.9448,38,0.8410041841004184
21,19,R24_21,R25_19,0.9447,0.9448,40,0.8326359832635983
21,20,R24_21,R25_20,0.9447,0.9448,49,0.7949790794979079
21,21,R24_21,R24_21,0.9447,0.9447,0,1.0
21,22,R24_21,R25_22,0.9447,0.9447,42,0.8242677824267782
21,23,R24_21,R25_23,0.9447,0.9447,38,0.8410041841004184
21,24,R24_21,R26_24,0.9447,0.9446,36,0.8493723849372385
21,25,R24_21,R25_25,0.9447,0.9446,38,0.8410041841004184
21,26,R24_21,R25_26,0.9447,0.9446,42,0.8242677824267782
21,27,R24_21,R25_27,0.9447,0.9446,39,0.8368200836820083
21,28,R24_21,R26_28,0.9447,0.9445,39,0.8368200836820083
21,29,R24_21,R25_29,0.9447,0.9445,42,0.8242677824267782
21,30,R24_21,R25_30,0.9447,0.9445,40,0.8326359832635983
21,31,R24_21,R25_31,0.9447,0.9444,33,0.8619246861924686
21,32,R24_21,R25_32,0.9447,0.9444,42,0.8242677824267782
21,33,R24_21,R25_33,0.9447,0.9444,52,0.7824267782426778
21,34,R24_21,R24_34,0.9447,0.9443,40,0.8326359832635983
21,35,R24_21,R25_35,0.9447,0.9443,49,0.7949790794979079
21,36,R24_21,R25_36,0.9447,0.9443,34,0.8577405857740585
21,37,R24_21,R25_37,0.9447,0.9443,30,0.8744769874476988
21,38,R24_21,R25_38,0.9447,0.9442,32,0.8661087866108786
21,39,R24_21,R25_39,0.9447,0.9442,47,0.803347280334728
21,40,R24_21,R25_40,0.9447,0.9442,38,0.8410041841004184
22,1,R25_22,R25_1,0.9447,0.9477,32,0.8661087866108786
22,2,R25_22,R25_2,0.9447,0.9468,36,0.8493723849372385
22,3,R25_22,R25_3,0.9447,0.9468,35,0.8535564853556485
22,4,R25_22,R25_4,0.9447,0.9466,36,0.8493723849372385
22,5,R25_22,R25_5,0.9447,0.9464,35,0.8535564853556485
22,6,R25_22,R25_6,0.9447,0.9463,42,0.8242677824267782
22,7,R25_22,R25_7,0.9447,0.9462,38,0.8410041841004184
22,8,R25_22,R25_8,0.9447,0.9458,36,0.8493723849372385
22,9,R25_22,R25_9,0.9447,0.9457,42,0.8242677824267782
22,10,R25_22,R25_10,0.9447,0.9455,43,0.8200836820083682
22,11,R25_22,R25_11,0.9447,0.9454,29,0.8786610878661087
22,12,R25_22,R25_12,0.9447,0.9452,44,0.8158995815899581
22,13,R25_22,R25_13,0.9447,0.9451,36,0.8493723849372385
22,14,R25_22,R25_14,0.9447,0.9451,42,0.8242677824267782
22,15,R25_22,R25_15,0.9447,0.9451,67,0.7196652719665272
22,16,R25_22,R26_16,0.9447,0.9449,48,0.799163179916318
22,17,R25_22,R25_17,0.9447,0.9448,24,0.899581589958159
22,18,R25_22,R25_18,0.9447,0.9448,35,0.8535564853556485
22,19,R25_22,R25_19,0.9447,0.9448,44,0.8158995815899581
22,20,R25_22,R25_20,0.9447,0.9448,52,0.7824267782426778
22,21,R25_22,R24_21,0.9447,0.9447,42,0.8242677824267782
22,22,R25_22,R25_22,0.9447,0.9447,0,1.0
22,23,R25_22,R25_23,0.9447,0.9447,35,0.8535564853556485
22,24,R25_22,R26_24,0.9447,0.9446,31,0.8702928870292888
22,25,R25_22,R25_25,0.9447,0.9446,40,0.8326359832635983
22,26,R25_22,R25_26,0.9447,0.9446,45,0.8117154811715481
22,27,R25_22,R25_27,0.9447,0.9446,39,0.8368200836820083
22,28,R25_22,R26_28,0.9447,0.9445,35,0.8535564853556485
22,29,R25_22,R25_29,0.9447,0.9445,34,0.8577405857740585
22,30,R25_22,R25_30,0.9447,0.9445,38,0.8410041841004184
22,31,R25_22,R25_31,0.9447,0.9444,43,0.8200836820083682
22,32,R25_22,R25_32,0.9447,0.9444,40,0.8326359832635983
22,33,R25_22,R25_33,0.9447,0.9444,43,0.8200836820083682
22,34,R25_22,R24_34,0.9447,0.9443,27,0.8870292887029289
22,35,R25_22,R25_35,0.9447,0.9443,33,0.8619246861924686
22,36,R25_22,R25_36,0.9447,0.9443,32,0.8661087866108786
22,37,R25_22,R25_37,0.9447,0.9443,36,0.8493723849372385
22,38,R25_22,R25_38,0.9447,0.9442,32,0.8661087866108786
22,39,R25_22,R25_39,0.9447,0.9442,32,0.8661087866108786
22,40,R25_22,R25_40,0.9447,0.9442,37,0.8451882845188284
23,1,R25_23,R25_1,0.9447,0.9477,40,0.8326359832635983
23,2,R25_23,R25_2,0.9447,0.9468,36,0.8493723849372385
23,3,R25_23,R25_3,0.9447,0.9468,41,0.8284518828451883
23,4,R25_23,R25_4,0.9447,0.9466,36,0.8493723849372385
23,5,R25_23,R25_5,0.9447,0.9464,42,0.8242677824267782
23,6,R25_23,R25_6,0.9447,0.9463,52,0.7824267782426778
23,7,R25_23,R25_7,0.9447,0.9462,44,0.8158995815899581
23,8,R25_23,R25_8,0.9447,0.9458,44,0.8158995815899581
23,9,R25_23,R25_9,0.9447,0.9457,43,0.8200836820083682
23,10,R25_23,R25_10,0.9447,0.9455,44,0.8158995815899581
23,11,R25_23,R25_11,0.9447,0.9454,34,0.8577405857740585
23,12,R25_23,R25_12,0.9447,0.9452,43,0.8200836820083682
23,13,R25_23,R25_13,0.9447,0.9451,35,0.8535564853556485
23,14,R25_23,R25_14,0.9447,0.9451,49,0.7949790794979079
23,15,R25_23,R25_15,0.9447,0.9451,66,0.7238493723849373
23,16,R25_23,R26_16,0.9447,0.9449,44,0.8158995815899581
23,17,R25_23,R25_17,0.9447,0.9448,36,0.8493723849372385
23,18,R25_23,R25_18,0.9447,0.9448,33,0.8619246861924686
23,19,R25_23,R25_19,0.9447,0.9448,49,0.7949790794979079
23,20,R25_23,R25_20,0.9447,0.9448,54,0.7740585774058577
23,21,R25_23,R24_21,0.9447,0.9447,38,0.8410041841004184
23,22,R25_23,R25_22,0.9447,0.9447,35,0.8535564853556485
23,23,R25_23,R25_23,0.9447,0.9447,0,1.0
23,24,R25_23,R26_24,0.9447,0.9446,31,0.8702928870292888
23,25,R25_23,R25_25,0.9447,0.9446,39,0.8368200836820083
23,26,R25_23,R25_26,0.9447,0.9446,43,0.8200836820083682
23,27,R25_23,R25_27,0.9447,0.9446,42,0.8242677824267782
23,28,R25_23,R26_28,0.9447,0.9445,36,0.8493723849372385
23,29,R25_23,R25_29,0.9447,0.9445,43,0.8200836820083682
23,30,R25_23,R25_30,0.9447,0.9445,42,0.8242677824267782
23,31,R25_23,R25_31,0.9447,0.9444,35,0.8535564853556485
23,32,R25_23,R25_32,0.9447,0.9444,46,0.8075313807531381
23,33,R25_23,R25_33,0.9447,0.9444,52,0.7824267782426778
23,34,R25_23,R24_34,0.9447,0.9443,30,0.8744769874476988
23,35,R25_23,R25_35,0.9447,0.9443,31,0.8702928870292888
23,36,R25_23,R25_36,0.9447,0.9443,32,0.8661087866108786
23,37,R25_23,R25_37,0.9447,0.9443,39,0.8368200836820083
23,38,R25_23,R25_38,0.9447,0.9442,33,0.8619246861924686
23,39,R25_23,R25_39,0.9447,0.9442,42,0.8242677824267782
23,40,R25_23,R25_40,0.9447,0.9442,43,0.8200836820083682
24,1,R26_24,R25_1,0.9446,0.9477,35,0.8535564853556485
24,2,R26_24,R25_2,0.9446,0.9468,34,0.8577405857740585
24,3,R26_24,R25_3,0.9446,0.9468,35,0.8535564853556485
24,4,R26_24,R25_4,0.9446,0.9466,31,0.8702928870292888
24,5,R26_24,R25_5,0.9446,0.9464,33,0.8619246861924686
24,6,R26_24,R25_6,0.9446,0.9463,43,0.8200836820083682
24,7,R26_24,R25_7,0.9446,0.9462,34,0.8577405857740585
24,8,R26_24,R25_8,0.9446,0.9458,37,0.8451882845188284
24,9,R26_24,R25_9,0.9446,0.9457,37,0.8451882845188284
24,10,R26_24,R25_10,0.9446,0.9455,39,0.8368200836820083
24,11,R26_24,R25_11,0.9446,0.9454,21,0.9121338912133892
24,12,R26_24,R25_12,0.9446,0.9452,35,0.8535564853556485
24,13,R26_24,R25_13,0.9446,0.9451,30,0.8744769874476988
24,14,R26_24,R25_14,0.9446,0.9451,44,0.8158995815899581
24,15,R26_24,R25_15,0.9446,0.9451,57,0.7615062761506276
24,16,R26_24,R26_16,0.9446,0.9449,48,0.799163179916318
24,17,R26_24,R25_17,0.9446,0.9448,24,0.899581589958159
24,18,R26_24,R25_18,0.9446,0.9448,27,0.8870292887029289
24,19,R26_24,R25_19,0.9446,0.9448,45,0.8117154811715481
24,20,R26_24,R25_20,0.9446,0.9448,45,0.8117154811715481
24,21,R26_24,R24_21,0.9446,0.9447,36,0.8493723849372385
24,22,R26_24,R25_22,0.9446,0.9447,31,0.8702928870292888
24,23,R26_24,R25_23,0.9446,0.9447,31,0.8702928870292888
24,24,R26_24,R26_24,0.9446,0.9446,0,1.0
24,25,R26_24,R25_25,0.9446,0.9446,37,0.8451882845188284
24,26,R26_24,R25_26,0.9446,0.9446,37,0.8451882845188284
24,27,R26_24,R25_27,0.9446,0.9446,37,0.8451882845188284
24,28,R26_24,R26_28,0.9446,0.9445,37,0.8451882845188284
24,29,R26_24,R25_29,0.9446,0.9445,36,0.8493723849372385
24,30,R26_24,R25_30,0.9446,0.9445,33,0.8619246861924686
24,31,R26_24,R25_31,0.9446,0.9444,34,0.8577405857740585
24,32,R26_24,R25_32,0.9446,0.9444,38,0.8410041841004184
24,33,R26_24,R25_33,0.9446,0.9444,50,0.7907949790794979
24,34,R26_24,R24_34,0.9446,0.9443,34,0.8577405857740585
24,35,R26_24,R25_35,0.9446,0.9443,31,0.8702928870292888
24,36,R26_24,R25_36,0.9446,0.9443,30,0.8744769874476988
24,37,R26_24,R25_37,0.9446,0.9443,32,0.8661087866108786
24,38,R26_24,R25_38,0.9446,0.9442,28,0.8828451882845189
24,39,R26_24,R25_39,0.9446,0.9442,36,0.8493723849372385
24,40,R26_24,R25_40,0.9446,0.9442,33,0.8619246861924686
25,1,R25_25,R25_1,0.9446,0.9477,37,0.8451882845188284
25,2,R25_25,R25_2,0.9446,0.9468,30,0.8744769874476988
25,3,R25_25,R25_3,0.9446,0.9468,32,0.8661087866108786
25,4,R25_25,R25_4,0.9446,0.9466,28,0.8828451882845189
25,5,R25_25,R25_5,0.9446,0.9464,30,0.8744769874476988
25,6,R25_25,R25_6,0.9446,0.9463,38,0.8410041841004184
25,7,R25_25,R25_7,0.9446,0.9462,21,0.9121338912133892
25,8,R25_25,R25_8,0.9446,0.9458,30,0.8744769874476988
25,9,R25_25,R25_9,0.9446,0.9457,42,0.8242677824267782
25,10,R25_25,R25_10,0.9446,0.9455,26,0.891213389121339
25,11,R25_25,R25_11,0.9446,0.9454,38,0.8410041841004184
25,12,R25_25,R25_12,0.9446,0.9452,27,0.8870292887029289
25,13,R25_25,R25_13,0.9446,0.9451,43,0.8200836820083682
25,14,R25_25,R25_14,0.9446,0.9451,35,0.8535564853556485
25,15,R25_25,R25_15,0.9446,0.9451,61,0.7447698744769875
25,16,R25_25,R26_16,0.9446,0.9449,31,0.8702928870292888
25,17,R25_25,R25_17,0.9446,0.9448,36,0.8493723849372385
25,18,R25_25,R25_18,0.9446,0.9448,35,0.8535564853556485
25,19,R25_25,R25_19,0.9446,0.9448,36,0.8493723849372385
25,20,R25_25,R25_20,0.9446,0.9448,38,0.8410041841004184
25,21,R25_25,R24_21,0.9446,0.9447,38,0.8410041841004184
25,22,R25_25,R25_22,0.9446,0.9447,40,0.8326359832635983
25,23,R25_25,R25_23,0.9446,0.9447,39,0.8368200836820083
25,24,R25_25,R26_24,0.9446,0.9446,37,0.8451882845188284
25,25,R25_25,R25_25,0.9446,0.9446,0,1.0
25,26,R25_25,R25_26,0.9446,0.9446,21,0.9121338912133892
25,27,R25_25,R25_27,0.9446,0.9446,17,0.9288702928870293
25,28,R25_25,R26_28,0.9446,0.9445,38,0.8410041841004184
25,29,R25_25,R25_29,0.9446,0.9445,30,0.8744769874476988
25,30,R25_25,R25_30,0.9446,0.9445,27,0.8870292887029289
25,31,R25_25,R25_31,0.9446,0.9444,33,0.8619246861924686
25,32,R25_25,R25_32,0.9446,0.9444,33,0.8619246861924686
25,33,R25_25,R25_33,0.9446,0.9444,51,0.7866108786610879
25,34,R25_25,R24_34,0.9446,0.9443,40,0.8326359832635983
25,35,R25_25,R25_35,0.9446,0.9443,32,0.8661087866108786
25,36,R25_25,R25_36,0.9446,0.9443,30,0.8744769874476988
25,37,R25_25,R25_37,0.9446,0.9443,21,0.9121338912133892
25,38,R25_25,R25_38,0.9446,0.9442,32,0.8661087866108786
25,39,R25_25,R25_39,0.9446,0.9442,39,0.8368200836820083
25,40,R25_25,R25_40,0.9446,0.9442,34,0.8577405857740585
26,1,R25_26,R25_1,0.9446,0.9477,31,0.8702928870292888
26,2,R25_26,R25_2,0.9446,0.9468,33,0.8619246861924686
26,3,R25_26,R25_3,0.9446,0.9468,33,0.8619246861924686
26,4,R25_26,R25_4,0.9446,0.9466,31,0.8702928870292888
26,5,R25_26,R25_5,0.9446,0.9464,30,0.8744769874476988
26,6,R25_26,R25_6,0.9446,0.9463,40,0.8326359832635983
26,7,R25_26,R25_7,0.9446,0.9462,27,0.8870292887029289
26,8,R25_26,R25_8,0.9446,0.9458,30,0.8744769874476988
26,9,R25_26,R25_9,0.9446,0.9457,47,0.803347280334728
26,10,R25_26,R25_10,0.9446,0.9455,29,0.8786610878661087
26,11,R25_26,R25_11,0.9446,0.9454,37,0.8451882845188284
26,12,R25_26,R25_12,0.9446,0.9452,30,0.8744769874476988
26,13,R25_26,R25_13,0.9446,0.9451,45,0.8117154811715481
26,14,R25_26,R25_14,0.9446,0.9451,35,0.8535564853556485
26,15,R25_26,R25_15,0.9446,0.9451,64,0.7322175732217573
26,16,R25_26,R26_16,0.9446,0.9449,36,0.8493723849372385
26,17,R25_26,R25_17,0.9446,0.9448,41,0.8284518828451883
26,18,R25_26,R25_18,0.9446,0.9448,33,0.8619246861924686
26,19,R25_26,R25_19,0.9446,0.9448,41,0.8284518828451883
26,20,R25_26,R25_20,0.9446,0.9448,37,0.8451882845188284
26,21,R25_26,R24_21,0.9446,0.9447,42,0.8242677824267782
26,22,R25_26,R25_22,0.9446,0.9447,45,0.8117154811715481
26,23,R25_26,R25_23,0.9446,0.9447,43,0.8200836820083682
26,24,R25_26,R26_24,0.9446,0.9446,37,0.8451882845188284
26,25,R25_26,R25_25,0.9446,0.9446,21,0.9121338912133892
26,26,R25_26,R25_26,0.9446,0.9446,0,1.0
26,27,R25_26,R25_27,0.9446,0.9446,28,0.8828451882845189
26,28,R25_26,R26_28,0.9446,0.9445,41,0.8284518828451883
26,29,R25_26,R25_29,0.9446,0.9445,36,0.8493723849372385
26,30,R25_26,R25_30,0.9446,0.9445,30,0.8744769874476988
26,31,R25_26,R25_31,0.9446,0.9444,34,0.8577405857740585
26,32,R25_26,R25_32,0.9446,0.9444,40,0.8326359832635983
26,33,R25_26,R25_33,0.9446,0.9444,53,0.7782426778242678
26,34,R25_26,R24_34,0.9446,0.9443,43,0.8200836820083682
26,35,R25_26,R25_35,0.9446,0.9443,34,0.8577405857740585
26,36,R25_26,R25_36,0.9446,0.9443,29,0.8786610878661087
26,37,R25_26,R25_37,0.9446,0.9443,26,0.891213389121339
26,38,R25_26,R25_38,0.9446,0.9442,32,0.8661087866108786
26,39,R25_26,R25_39,0.9446,0.9442,42,0.8242677824267782
26,40,R25_26,R25_40,0.9446,0.9442,32,0.8661087866108786
27,1,R25_27,R25_1,0.9446,0.9477,39,0.8368200836820083
27,2,R25_27,R25_2,0.9446,0.9468,30,0.8744769874476988
27,3,R25_27,R25_3,0.9446,0.9468,34,0.8577405857740585
27,4,R25_27,R25_4,0.9446,0.9466,23,0.9037656903765691
27,5,R25_27,R25_5,0.9446,0.9464,32,0.8661087866108786
27,6,R25_27,R25_6,0.9446,0.9463,47,0.803347280334728
27,7,R25_27,R25_7,0.9446,0.9462,28,0.8828451882845189
27,8,R25_27,R25_8,0.9446,0.9458,29,0.8786610878661087
27,9,R25_27,R25_9,0.9446,0.9457,41,0.8284518828451883
27,10,R25_27,R25_10,0.9446,0.9455,22,0.9079497907949791
27,11,R25_27,R25_11,0.9446,0.9454,43,0.8200836820083682
27,12,R25_27,R25_12,0.9446,0.9452,28,0.8828451882845189
27,13,R25_27,R25_13,0.9446,0.9451,46,0.8075313807531381
27,14,R25_27,R25_14,0.9446,0.9451,40,0.8326359832635983
27,15,R25_27,R25_15,0.9446,0.9451,62,0.7405857740585774
27,16,R25_27,R26_16,0.9446,0.9449,39,0.8368200836820083
27,17,R25_27,R25_17,0.9446,0.9448,36,0.8493723849372385
27,18,R25_27,R25_18,0.9446,0.9448,41,0.8284518828451883
27,19,R25_27,R25_19,0.9446,0.9448,42,0.8242677824267782
27,20,R25_27,R25_20,0.9446,0.9448,40,0.8326359832635983
27,21,R25_27,R24_21,0.9446,0.9447,39,0.8368200836820083
27,22,R25_27,R25_22,0.9446,0.9447,39,0.8368200836820083
27,23,R25_27,R25_23,0.9446,0.9447,42,0.8242677824267782
27,24,R25_27,R26_24,0.9446,0.9446,37,0.8451882845188284
27,25,R25_27,R25_25,0.9446,0.9446,17,0.9288702928870293
27,26,R25_27,R25_26,0.9446,0.9446,28,0.8828451882845189
27,27,R25_27,R25_27,0.9446,0.9446,0,1.0
27,28,R25_27,R26_28,0.9446,0.9445,42,0.8242677824267782
27,29,R25_27,R25_29,0.9446,0.9445,33,0.8619246861924686
27,30,R25_27,R25_30,0.9446,0.9445,24,0.899581589958159
27,31,R25_27,R25_31,0.9446,0.9444,32,0.8661087866108786
27,32,R25_27,R25_32,0.9446,0.9444,30,0.8744769874476988
27,33,R25_27,R25_33,0.9446,0.9444,52,0.7824267782426778
27,34,R25_27,R24_34,0.9446,0.9443,41,0.8284518828451883
27,35,R25_27,R25_35,0.9446,0.9443,37,0.8451882845188284
27,36,R25_27,R25_36,0.9446,0.9443,26,0.891213389121339
27,37,R25_27,R25_37,0.9446,0.9443,31,0.8702928870292888
27,38,R25_27,R25_38,0.9446,0.9442,36,0.8493723849372385
27,39,R25_27,R25_39,0.9446,0.9442,39,0.8368200836820083
27,40,R25_27,R25_40,0.9446,0.9442,34,0.8577405857740585
28,1,R26_28,R25_1,0.9445,0.9477,39,0.8368200836820083
28,2,R26_28,R25_2,0.9445,0.9468,40,0.8326359832635983
28,3,R26_28,R25_3,0.9445,0.9468,40,0.8326359832635983
28,4,R26_28,R25_4,0.9445,0.9466,41,0.8284518828451883
28,5,R26_28,R25_5,0.9445,0.9464,40,0.8326359832635983
28,6,R26_28,R25_6,0.9445,0.9463,43,0.8200836820083682
28,7,R26_28,R25_7,0.9445,0.9462,41,0.8284518828451883
28,8,R26_28,R25_8,0.9445,0.9458,46,0.8075313807531381
28,9,R26_28,R25_9,0.9445,0.9457,43,0.8200836820083682
28,10,R26_28,R25_10,0.9445,0.9455,44,0.8158995815899581
28,11,R26_28,R25_11,0.9445,0.9454,28,0.8828451882845189
28,12,R26_28,R25_12,0.9445,0.9452,41,0.8284518828451883
28,13,R26_28,R25_13,0.9445,0.9451,39,0.8368200836820083
28,14,R26_28,R25_14,0.9445,0.9451,54,0.7740585774058577
28,15,R26_28,R25_15,0.9445,0.9451,58,0.7573221757322176
28,16,R26_28,R26_16,0.9445,0.9449,38,0.8410041841004184
28,17,R26_28,R25_17,0.9445,0.9448,32,0.8661087866108786
28,18,R26_28,R25_18,0.9445,0.9448,26,0.891213389121339
28,19,R26_28,R25_19,0.9445,0.9448,51,0.7866108786610879
28,20,R26_28,R25_20,0.9445,0.9448,55,0.7698744769874477
28,21,R26_28,R24_21,0.9445,0.9447,39,0.8368200836820083
28,22,R26_28,R25_22,0.9445,0.9447,35,0.8535564853556485
28,23,R26_28,R25_23,0.9445,0.9447,36,0.8493723849372385
28,24,R26_28,R26_24,0.9445,0.9446,37,0.8451882845188284
28,25,R26_28,R25_25,0.9445,0.9446,38,0.8410041841004184
28,26,R26_28,R25_26,0.9445,0.9446,41,0.8284518828451883
28,27,R26_28,R25_27,0.9445,0.9446,42,0.8242677824267782
28,28,R26_28,R26_28,0.9445,0.9445,0,1.0
28,29,R26_28,R25_29,0.9445,0.9445,39,0.8368200836820083
28,30,R26_28,R25_30,0.9445,0.9445,43,0.8200836820083682
28,31,R26_28,R25_31,0.9445,0.9444,31,0.8702928870292888
28,32,R26_28,R25_32,0.9445,0.9444,48,0.799163179916318
28,33,R26_28,R25_33,0.9445,0.9444,48,0.799163179916318
28,34,R26_28,R24_34,0.9445,0.9443,32,0.8661087866108786
28,35,R26_28,R25_35,0.9445,0.9443,39,0.8368200836820083
28,36,R26_28,R25_36,0.9445,0.9443,38,0.8410041841004184
28,37,R26_28,R25_37,0.9445,0.9443,42,0.8242677824267782
28,38,R26_28,R25_38,0.9445,0.9442,33,0.8619246861924686
28,39,R26_28,R25_39,0.9445,0.9442,45,0.8117154811715481
28,40,R26_28,R25_40,0.9445,0.9442,46,0.8075313807531381
29,1,R25_29,R25_1,0.9445,0.9477,27,0.8870292887029289
29,2,R25_29,R25_2,0.9445,0.9468,32,0.8661087866108786
29,3,R25_29,R25_3,0.9445,0.9468,26,0.891213389121339
29,4,R25_29,R25_4,0.9445,0.9466,34,0.8577405857740585
29,5,R25_29,R25_5,0.9445,0.9464,27,0.8870292887029289
29,6,R25_29,R25_6,0.9445,0.9463,39,0.8368200836820083
29,7,R25_29,R25_7,0.9445,0.9462,13,0.9456066945606695
29,8,R25_29,R25_8,0.9445,0.9458,31,0.8702928870292888
29,9,R25_29,R25_9,0.9445,0.9457,45,0.8117154811715481
29,10,R25_29,R25_10,0.9445,0.9455,33,0.8619246861924686
29,11,R25_29,R25_11,0.9445,0.9454,35,0.8535564853556485
29,12,R25_29,R25_12,0.9445,0.9452,36,0.8493723849372385
29,13,R25_29,R25_13,0.9445,0.9451,43,0.8200836820083682
29,14,R25_29,R25_14,0.9445,0.9451,38,0.8410041841004184
29,15,R25_29,R25_15,0.9445,0.9451,66,0.7238493723849373
29,16,R25_29,R26_16,0.9445,0.9449,39,0.8368200836820083
29,17,R25_29,R25_17,0.9445,0.9448,33,0.8619246861924686
29,18,R25_29,R25_18,0.9445,0.9448,33,0.8619246861924686
29,19,R25_29,R25_19,0.9445,0.9448,39,0.8368200836820083
29,20,R25_29,R25_20,0.9445,0.9448,47,0.803347280334728
29,21,R25_29,R24_21,0.9445,0.9447,42,0.8242677824267782
29,22,R25_29,R25_22,0.9445,0.9447,34,0.8577405857740585
29,23,R25_29,R25_23,0.9445,0.9447,43,0.8200836820083682
29,24,R25_29,R26_24,0.9445,0.9446,36,0.8493723849372385
29,25,R25_29,R25_25,0.9445,0.9446,30,0.8744769874476988
29,26,R25_29,R25_26,0.9445,0.9446,36,0.8493723849372385
29,27,R25_29,R25_27,0.9445,0.9446,33,0.8619246861924686
29,28,R25_29,R26_28,0.9445,0.9445,39,0.8368200836820083
29,29,R25_29,R25_29,0.9445,0.9445,0,1.0
29,30,R25_29,R25_30,0.9445,0.9445,30,0.8744769874476988
29,31,R25_29,R25_31,0.9445,0.9444,34,0.8577405857740585
29,32,R25_29,R25_32,0.9445,0.9444,34,0.8577405857740585
29,33,R25_29,R25_33,0.9445,0.9444,42,0.8242677824267782
29,34,R25_29,R24_34,0.9445,0.9443,41,0.8284518828451883
29,35,R25_29,R25_35,0.9445,0.9443,29,0.8786610878661087
29,36,R25_29,R25_36,0.9445,0.9443,32,0.8661087866108786
29,37,R25_29,R25_37,0.9445,0.9443,28,0.8828451882845189
29,38,R25_29,R25_38,0.9445,0.9442,24,0.899581589958159
29,39,R25_29,R25_39,0.9445,0.9442,32,0.8661087866108786
29,40,R25_29,R25_40,0.9445,0.9442,34,0.8577405857740585
30,1,R25_30,R25_1,0.9445,0.9477,33,0.8619246861924686
30,2,R25_30,R25_2,0.9445,0.9468,24,0.899581589958159
30,3,R25_30,R25_3,0.9445,0.9468,34,0.8577405857740585
30,4,R25_30,R25_4,0.9445,0.9466,24,0.899581589958159
30,5,R25_30,R25_5,0.9445,0.9464,35,0.8535564853556485
30,6,R25_30,R25_6,0.9445,0.9463,45,0.8117154811715481
30,7,R25_30,R25_7,0.9445,0.9462,22,0.9079497907949791
30,8,R25_30,R25_8,0.9445,0.9458,24,0.899581589958159
30,9,R25_30,R25_9,0.9445,0.9457,39,0.8368200836820083
30,10,R25_30,R25_10,0.9445,0.9455,30,0.8744769874476988
30,11,R25_30,R25_11,0.9445,0.9454,41,0.8284518828451883
30,12,R25_30,R25_12,0.9445,0.9452,33,0.8619246861924686
30,13,R25_30,R25_13,0.9445,0.9451,40,0.8326359832635983
30,14,R25_30,R25_14,0.9445,0.9451,33,0.8619246861924686
30,15,R25_30,R25_15,0.9445,0.9451,58,0.7573221757322176
30,16,R25_30,R26_16,0.9445,0.9449,41,0.8284518828451883
30,17,R25_30,R25_17,0.9445,0.9448,35,0.8535564853556485
30,18,R25_30,R25_18,0.9445,0.9448,36,0.8493723849372385
30,19,R25_30,R25_19,0.9445,0.9448,42,0.8242677824267782
30,20,R25_30,R25_20,0.9445,0.9448,40,0.8326359832635983
30,21,R25_30,R24_21,0.9445,0.9447,40,0.8326359832635983
30,22,R25_30,R25_22,0.9445,0.9447,38,0.8410041841004184
30,23,R25_30,R25_23,0.9445,0.9447,42,0.8242677824267782
30,24,R25_30,R26_24,0.9445,0.9446,33,0.8619246861924686
30,25,R25_30,R25_25,0.9445,0.9446,27,0.8870292887029289
30,26,R25_30,R25_26,0.9445,0.9446,30,0.8744769874476988
30,27,R25_30,R25_27,0.9445,0.9446,24,0.899581589958159
30,28,R25_30,R26_28,0.9445,0.9445,43,0.8200836820083682
30,29,R25_30,R25_29,0.9445,0.9445,30,0.8744769874476988
30,30,R25_30,R25_30,0.9445,0.9445,0,1.0
30,31,R25_30,R25_31,0.9445,0.9444,33,0.8619246861924686
30,32,R25_30,R25_32,0.9445,0.9444,27,0.8870292887029289
30,33,R25_30,R25_33,0.9445,0.9444,44,0.8158995815899581
30,34,R25_30,R24_34,0.9445,0.9443,43,0.8200836820083682
30,35,R25_30,R25_35,0.9445,0.9443,36,0.8493723849372385
30,36,R25_30,R25_36,0.9445,0.9443,29,0.8786610878661087
30,37,R25_30,R25_37,0.9445,0.9443,26,0.891213389121339
30,38,R25_30,R25_38,0.9445,0.9442,34,0.8577405857740585
30,39,R25_30,R25_39,0.9445,0.9442,34,0.8577405857740585
30,40,R25_30,R25_40,0.9445,0.9442,30,0.8744769874476988
31,1,R25_31,R25_1,0.9444,0.9477,38,0.8410041841004184
31,2,R25_31,R25_2,0.9444,0.9468,35,0.8535564853556485
31,3,R25_31,R25_3,0.9444,0.9468,32,0.8661087866108786
31,4,R25_31,R25_4,0.9444,0.9466,34,0.8577405857740585
31,5,R25_31,R25_5,0.9444,0.9464,33,0.8619246861924686
31,6,R25_31,R25_6,0.9444,0.9463,40,0.8326359832635983
31,7,R25_31,R25_7,0.9444,0.9462,36,0.8493723849372385
31,8,R25_31,R25_8,0.9444,0.9458,38,0.8410041841004184
31,9,R25_31,R25_9,0.9444,0.9457,35,0.8535564853556485
31,10,R25_31,R25_10,0.9444,0.9455,38,0.8410041841004184
31,11,R25_31,R25_11,0.9444,0.9454,32,0.8661087866108786
31,12,R25_31,R25_12,0.9444,0.9452,31,0.8702928870292888
31,13,R25_31,R25_13,0.9444,0.9451,41,0.8284518828451883
31,14,R25_31,R25_14,0.9444,0.9451,45,0.8117154811715481
31,15,R25_31,R25_15,0.9444,0.9451,55,0.7698744769874477
31,16,R25_31,R26_16,0.9444,0.9449,31,0.8702928870292888
31,17,R25_31,R25_17,0.9444,0.9448,40,0.8326359832635983
31,18,R25_31,R25_18,0.9444,0.9448,30,0.8744769874476988
31,19,R25_31,R25_19,0.9444,0.9448,46,0.8075313807531381
31,20,R25_31,R25_20,0.9444,0.9448,51,0.7866108786610879
31,21,R25_31,R24_21,0.9444,0.9447,33,0.8619246861924686
31,22,R25_31,R25_22,0.9444,0.9447,43,0.8200836820083682
31,23,R25_31,R25_23,0.9444,0.9447,35,0.8535564853556485
31,24,R25_31,R26_24,0.9444,0.9446,34,0.8577405857740585
31,25,R25_31,R25_25,0.9444,0.9446,33,0.8619246861924686
31,26,R25_31,R25_26,0.9444,0.9446,34,0.8577405857740585
31,27,R25_31,R25_27,0.9444,0.9446,32,0.8661087866108786
31,28,R25_31,R26_28,0.9444,0.9445,31,0.8702928870292888
31,29,R25_31,R25_29,0.9444,0.9445,34,0.8577405857740585
31,30,R25_31,R25_30,0.9444,0.9445,33,0.8619246861924686
31,31,R25_31,R25_31,0.9444,0.9444,0,1.0
31,32,R25_31,R25_32,0.9444,0.9444,38,0.8410041841004184
31,33,R25_31,R25_33,0.9444,0.9444,44,0.8158995815899581
31,34,R25_31,R24_34,0.9444,0.9443,39,0.8368200836820083
31,35,R25_31,R25_35,0.9444,0.9443,43,0.8200836820083682
31,36,R25_31,R25_36,0.9444,0.9443,28,0.8828451882845189
31,37,R25_31,R25_37,0.9444,0.9443,36,0.8493723849372385
31,38,R25_31,R25_38,0.9444,0.9442,24,0.899581589958159
31,39,R25_31,R25_39,0.9444,0.9442,38,0.8410041841004184
31,40,R25_31,R25_40,0.9444,0.9442,40,0.8326359832635983
32,1,R25_32,R25_1,0.9444,0.9477,35,0.8535564853556485
32,2,R25_32,R25_2,0.9444,0.9468,25,0.895397489539749
32,3,R25_32,R25_3,0.9444,0.9468,41,0.8284518828451883
32,4,R25_32,R25_4,0.9444,0.9466,26,0.891213389121339
32,5,R25_32,R25_5,0.9444,0.9464,32,0.8661087866108786
32,6,R25_32,R25_6,0.9444,0.9463,45,0.8117154811715481
32,7,R25_32,R25_7,0.9444,0.9462,29,0.8786610878661087
32,8,R25_32,R25_8,0.9444,0.9458,27,0.8870292887029289
32,9,R25_32,R25_9,0.9444,0.9457,43,0.8200836820083682
32,10,R25_32,R25_10,0.9444,0.9455,32,0.8661087866108786
32,11,R25_32,R25_11,0.9444,0.9454,41,0.8284518828451883
32,12,R25_32,R25_12,0.9444,0.9452,29,0.8786610878661087
32,13,R25_32,R25_13,0.9444,0.9451,51,0.7866108786610879
32,14,R25_32,R25_14,0.9444,0.9451,29,0.8786610878661087
32,15,R25_32,R25_15,0.9444,0.9451,60,0.7489539748953975
32,16,R25_32,R26_16,0.9444,0.9449,43,0.8200836820083682
32,17,R25_32,R25_17,0.9444,0.9448,44,0.8158995815899581
32,18,R25_32,R25_18,0.9444,0.9448,46,0.8075313807531381
32,19,R25_32,R25_19,0.9444,0.9448,35,0.8535564853556485
32,20,R25_32,R25_20,0.9444,0.9448,44,0.8158995815899581
32,21,R25_32,R24_21,0.9444,0.9447,42,0.8242677824267782
32,22,R25_32,R25_22,0.9444,0.9447,40,0.8326359832635983
32,23,R25_32,R25_23,0.9444,0.9447,46,0.8075313807531381
32,24,R25_32,R26_24,0.9444,0.9446,38,0.8410041841004184
32,25,R25_32,R25_25,0.9444,0.9446,33,0.8619246861924686
32,26,R25_32,R25_26,0.9444,0.9446,40,0.8326359832635983
32,27,R25_32,R25_27,0.9444,0.9446,30,0.8744769874476988
32,28,R25_32,R26_28,0.9444,0.9445,48,0.799163179916318
32,29,R25_32,R25_29,0.9444,0.9445,34,0.8577405857740585
32,30,R25_32,R25_30,0.9444,0.9445,27,0.8870292887029289
32,31,R25_32,R25_31,0.9444,0.9444,38,0.8410041841004184
32,32,R25_32,R25_32,0.9444,0.9444,0,1.0
32,33,R25_32,R25_33,0.9444,0.9444,51,0.7866108786610879
32,34,R25_32,R24_34,0.9444,0.9443,51,0.7866108786610879
32,35,R25_32,R25_35,0.9444,0.9443,48,0.799163179916318
32,36,R25_32,R25_36,0.9444,0.9443,39,0.8368200836820083
32,37,R25_32,R25_37,0.9444,0.9443,35,0.8535564853556485
32,38,R25_32,R25_38,0.9444,0.9442,36,0.8493723849372385
32,39,R25_32,R25_39,0.9444,0.9442,38,0.8410041841004184
32,40,R25_32,R25_40,0.9444,0.9442,25,0.895397489539749
33,1,R25_33,R25_1,0.9444,0.9477,46,0.8075313807531381
33,2,R25_33,R25_2,0.9444,0.9468,45,0.8117154811715481
33,3,R25_33,R25_3,0.9444,0.9468,44,0.8158995815899581
33,4,R25_33,R25_4,0.9444,0.9466,47,0.803347280334728
33,5,R25_33,R25_5,0.9444,0.9464,48,0.799163179916318
33,6,R25_33,R25_6,0.9444,0.9463,39,0.8368200836820083
33,7,R25_33,R25_7,0.9444,0.9462,43,0.8200836820083682
33,8,R25_33,R25_8,0.9444,0.9458,51,0.7866108786610879
33,9,R25_33,R25_9,0.9444,0.9457,38,0.8410041841004184
33,10,R25_33,R25_10,0.9444,0.9455,55,0.7698744769874477
33,11,R25_33,R25_11,0.9444,0.9454,48,0.799163179916318
33,12,R25_33,R25_12,0.9444,0.9452,55,0.7698744769874477
33,13,R25_33,R25_13,0.9444,0.9451,48,0.799163179916318
33,14,R25_33,R25_14,0.9444,0.9451,62,0.7405857740585774
33,15,R25_33,R25_15,0.9444,0.9451,54,0.7740585774058577
33,16,R25_33,R26_16,0.9444,0.9449,46,0.8075313807531381
33,17,R25_33,R25_17,0.9444,0.9448,47,0.803347280334728
33,18,R25_33,R25_18,0.9444,0.9448,49,0.7949790794979079
33,19,R25_33,R25_19,0.9444,0.9448,57,0.7615062761506276
33,20,R25_33,R25_20,0.9444,0.9448,57,0.7615062761506276
33,21,R25_33,R24_21,0.9444,0.9447,52,0.7824267782426778
33,22,R25_33,R25_22,0.9444,0.9447,43,0.8200836820083682
33,23,R25_33,R25_23,0.9444,0.9447,52,0.7824267782426778
33,24,R25_33,R26_24,0.9444,0.9446,50,0.7907949790794979
33,25,R25_33,R25_25,0.9444,0.9446,51,0.7866108786610879
33,26,R25_33,R25_26,0.9444,0.9446,53,0.7782426778242678
33,27,R25_33,R25_27,0.9444,0.9446,52,0.7824267782426778
33,28,R25_33,R26_28,0.9444,0.9445,48,0.799163179916318
33,29,R25_33,R25_29,0.9444,0.9445,42,0.8242677824267782
33,30,R25_33,R25_30,0.9444,0.9445,44,0.8158995815899581
33,31,R25_33,R25_31,0.9444,0.9444,44,0.8158995815899581
33,32,R25_33,R25_32,0.9444,0.9444,51,0.7866108786610879
33,33,R25_33,R25_33,0.9444,0.9444,0,1.0
33,34,R25_33,R24_34,0.9444,0.9443,47,0.803347280334728
33,35,R25_33,R25_35,0.9444,0.9443,49,0.7949790794979079
33,36,R25_33,R25_36,0.9444,0.9443,51,0.7866108786610879
33,37,R25_33,R25_37,0.9444,0.9443,50,0.7907949790794979
33,38,R25_33,R25_38,0.9444,0.9442,43,0.8200836820083682
33,39,R25_33,R25_39,0.9444,0.9442,49,0.7949790794979079
33,40,R25_33,R25_40,0.9444,0.9442,51,0.7866108786610879
34,1,R24_34,R25_1,0.9443,0.9477,40,0.8326359832635983
34,2,R24_34,R25_2,0.9443,0.9468,37,0.8451882845188284
34,3,R24_34,R25_3,0.9443,0.9468,37,0.8451882845188284
34,4,R24_34,R25_4,0.9443,0.9466,40,0.8326359832635983
34,5,R24_34,R25_5,0.9443,0.9464,39,0.8368200836820083
34,6,R24_34,R25_6,0.9443,0.9463,48,0.799163179916318
34,7,R24_34,R25_7,0.9443,0.9462,43,0.8200836820083682
34,8,R24_34,R25_8,0.9443,0.9458,42,0.8242677824267782
34,9,R24_34,R25_9,0.9443,0.9457,46,0.8075313807531381
34,10,R24_34,R25_10,0.9443,0.9455,47,0.803347280334728
34,11,R24_34,R25_11,0.9443,0.9454,31,0.8702928870292888
34,12,R24_34,R25_12,0.9443,0.9452,42,0.8242677824267782
34,13,R24_34,R25_13,0.9443,0.9451,37,0.8451882845188284
34,14,R24_34,R25_14,0.9443,0.9451,50,0.7907949790794979
34,15,R24_34,R25_15,0.9443,0.9451,64,0.7322175732217573
34,16,R24_34,R26_16,0.9443,0.9449,43,0.8200836820083682
34,17,R24_34,R25_17,0.9443,0.9448,24,0.899581589958159
34,18,R24_34,R25_18,0.9443,0.9448,35,0.8535564853556485
34,19,R24_34,R25_19,0.9443,0.9448,53,0.7782426778242678
34,20,R24_34,R25_20,0.9443,0.9448,57,0.7615062761506276
34,21,R24_34,R24_21,0.9443,0.9447,40,0.8326359832635983
34,22,R24_34,R25_22,0.9443,0.9447,27,0.8870292887029289
34,23,R24_34,R25_23,0.9443,0.9447,30,0.8744769874476988
34,24,R24_34,R26_24,0.9443,0.9446,34,0.8577405857740585
34,25,R24_34,R25_25,0.9443,0.9446,40,0.8326359832635983
34,26,R24_34,R25_26,0.9443,0.9446,43,0.8200836820083682
34,27,R24_34,R25_27,0.9443,0.9446,41,0.8284518828451883
34,28,R24_34,R26_28,0.9443,0.9445,32,0.8661087866108786
34,29,R24_34,R25_29,0.9443,0.9445,41,0.8284518828451883
34,30,R24_34,R25_30,0.9443,0.9445,43,0.8200836820083682
34,31,R24_34,R25_31,0.9443,0.9444,39,0.8368200836820083
34,32,R24_34,R25_32,0.9443,0.9444,51,0.7866108786610879
34,33,R24_34,R25_33,0.9443,0.9444,47,0.803347280334728
34,34,R24_34,R24_34,0.9443,0.9443,0,1.0
34,35,R24_34,R25_35,0.9443,0.9443,29,0.8786610878661087
34,36,R24_34,R25_36,0.9443,0.9443,30,0.8744769874476988
34,37,R24_34,R25_37,0.9443,0.9443,37,0.8451882845188284
34,38,R24_34,R25_38,0.9443,0.9442,35,0.8535564853556485
34,39,R24_34,R25_39,0.9443,0.9442,40,0.8326359832635983
34,40,R24_34,R25_40,0.9443,0.9442,45,0.8117154811715481
35,1,R25_35,R25_1,0.9443,0.9477,32,0.8661087866108786
35,2,R25_35,R25_2,0.9443,0.9468,42,0.8242677824267782
35,3,R25_35,R25_3,0.9443,0.9468,28,0.8828451882845189
35,4,R25_35,R25_4,0.9443,0.9466,35,0.8535564853556485
35,5,R25_35,R25_5,0.9443,0.9464,35,0.8535564853556485
35,6,R25_35,R25_6,0.9443,0.9463,44,0.8158995815899581
35,7,R25_35,R25_7,0.9443,0.9462,30,0.8744769874476988
35,8,R25_35,R25_8,0.9443,0.9458,36,0.8493723849372385
35,9,R25_35,R25_9,0.9443,0.9457,44,0.8158995815899581
35,10,R25_35,R25_10,0.9443,0.9455,39,0.8368200836820083
35,11,R25_35,R25_11,0.9443,0.9454,29,0.8786610878661087
35,12,R25_35,R25_12,0.9443,0.9452,42,0.8242677824267782
35,13,R25_35,R25_13,0.9443,0.9451,36,0.8493723849372385
35,14,R25_35,R25_14,0.9443,0.9451,45,0.8117154811715481
35,15,R25_35,R25_15,0.9443,0.9451,70,0.7071129707112971
35,16,R25_35,R26_16,0.9443,0.9449,44,0.8158995815899581
35,17,R25_35,R25_17,0.9443,0.9448,25,0.895397489539749
35,18,R25_35,R25_18,0.9443,0.9448,31,0.8702928870292888
35,19,R25_35,R25_19,0.9443,0.9448,49,0.7949790794979079
35,20,R25_35,R25_20,0.9443,0.9448,47,0.803347280334728
35,21,R25_35,R24_21,0.9443,0.9447,49,0.7949790794979079
35,22,R25_35,R25_22,0.9443,0.9447,33,0.8619246861924686
35,23,R25_35,R25_23,0.9443,0.9447,31,0.8702928870292888
35,24,R25_35,R26_24,0.9443,0.9446,31,0.8702928870292888
35,25,R25_35,R25_25,0.9443,0.9446,32,0.8661087866108786
35,26,R25_35,R25_26,0.9443,0.9446,34,0.8577405857740585
35,27,R25_35,R25_27,0.9443,0.9446,37,0.8451882845188284
35,28,R25_35,R26_28,0.9443,0.9445,39,0.8368200836820083
35,29,R25_35,R25_29,0.9443,0.9445,29,0.8786610878661087
35,30,R25_35,R25_30,0.9443,0.9445,36,0.8493723849372385
35,31,R25_35,R25_31,0.9443,0.9444,43,0.8200836820083682
35,32,R25_35,R25_32,0.9443,0.9444,48,0.799163179916318
35,33,R25_35,R25_33,0.9443,0.9444,49,0.7949790794979079
35,34,R25_35,R24_34,0.9443,0.9443,29,0.8786610878661087
35,35,R25_35,R25_35,0.9443,0.9443,0,1.0
35,36,R25_35,R25_36,0.9443,0.9443,28,0.8828451882845189
35,37,R25_35,R25_37,0.9443,0.9443,32,0.8661087866108786
35,38,R25_35,R25_38,0.9443,0.9442,35,0.8535564853556485
35,39,R25_35,R25_39,0.9443,0.9442,37,0.8451882845188284
35,40,R25_35,R25_40,0.9443,0.9442,42,0.8242677824267782
36,1,R25_36,R25_1,0.9443,0.9477,29,0.8786610878661087
36,2,R25_36,R25_2,0.9443,0.9468,34,0.8577405857740585
36,3,R25_36,R25_3,0.9443,0.9468,24,0.899581589958159
36,4,R25_36,R25_4,0.9443,0.9466,31,0.8702928870292888
36,5,R25_36,R25_5,0.9443,0.9464,31,0.8702928870292888
36,6,R25_36,R25_6,0.9443,0.9463,47,0.803347280334728
36,7,R25_36,R25_7,0.9443,0.9462,34,0.8577405857740585
36,8,R25_36,R25_8,0.9443,0.9458,29,0.8786610878661087
36,9,R25_36,R25_9,0.9443,0.9457,36,0.8493723849372385
36,10,R25_36,R25_10,0.9443,0.9455,32,0.8661087866108786
36,11,R25_36,R25_11,0.9443,0.9454,34,0.8577405857740585
36,12,R25_36,R25_12,0.9443,0.9452,34,0.8577405857740585
36,13,R25_36,R25_13,0.9443,0.9451,44,0.8158995815899581
36,14,R25_36,R25_14,0.9443,0.9451,41,0.8284518828451883
36,15,R25_36,R25_15,0.9443,0.9451,62,0.7405857740585774
36,16,R25_36,R26_16,0.9443,0.9449,40,0.8326359832635983
36,17,R25_36,R25_17,0.9443,0.9448,33,0.8619246861924686
36,18,R25_36,R25_18,0.9443,0.9448,30,0.8744769874476988
36,19,R25_36,R25_19,0.9443,0.9448,42,0.8242677824267782
36,20,R25_36,R25_20,0.9443,0.9448,45,0.8117154811715481
36,21,R25_36,R24_21,0.9443,0.9447,34,0.8577405857740585
36,22,R25_36,R25_22,0.9443,0.9447,32,0.8661087866108786
36,23,R25_36,R25_23,0.9443,0.9447,32,0.8661087866108786
36,24,R25_36,R26_24,0.9443,0.9446,30,0.8744769874476988
36,25,R25_36,R25_25,0.9443,0.9446,30,0.8744769874476988
36,26,R25_36,R25_26,0.9443,0.9446,29,0.8786610878661087
36,27,R25_36,R25_27,0.9443,0.9446,26,0.891213389121339
36,28,R25_36,R26_28,0.9443,0.9445,38,0.8410041841004184
36,29,R25_36,R25_29,0.9443,0.9445,32,0.8661087866108786
36,30,R25_36,R25_30,0.9443,0.9445,29,0.8786610878661087
36,31,R25_36,R25_31,0.9443,0.9444,28,0.8828451882845189
36,32,R25_36,R25_32,0.9443,0.9444,39,0.8368200836820083
36,33,R25_36,R25_33,0.9443,0.9444,51,0.7866108786610879
36,34,R25_36,R24_34,0.9443,0.9443,30,0.8744769874476988
36,35,R25_36,R25_35,0.9443,0.9443,28,0.8828451882845189
36,36,R25_36,R25_36,0.9443,0.9443,0,1.0
36,37,R25_36,R25_37,0.9443,0.9443,29,0.8786610878661087
36,38,R25_36,R25_38,0.9443,0.9442,27,0.8870292887029289
36,39,R25_36,R25_39,0.9443,0.9442,31,0.8702928870292888
36,40,R25_36,R25_40,0.9443,0.9442,37,0.8451882845188284
37,1,R25_37,R25_1,0.9443,0.9477,33,0.8619246861924686
37,2,R25_37,R25_2,0.9443,0.9468,31,0.8702928870292888
37,3,R25_37,R25_3,0.9443,0.9468,34,0.8577405857740585
37,4,R25_37,R25_4,0.9443,0.9466,26,0.891213389121339
37,5,R25_37,R25_5,0.9443,0.9464,30,0.8744769874476988
37,6,R25_37,R25_6,0.9443,0.9463,40,0.8326359832635983
37,7,R25_37,R25_7,0.9443,0.9462,18,0.9246861924686193
37,8,R25_37,R25_8,0.9443,0.9458,25,0.895397489539749
37,9,R25_37,R25_9,0.9443,0.9457,45,0.8117154811715481
37,10,R25_37,R25_10,0.9443,0.9455,34,0.8577405857740585
37,11,R25_37,R25_11,0.9443,0.9454,34,0.8577405857740585
37,12,R25_37,R25_12,0.9443,0.9452,29,0.8786610878661087
37,13,R25_37,R25_13,0.9443,0.9451,39,0.8368200836820083
37,14,R25_37,R25_14,0.9443,0.9451,33,0.8619246861924686
37,15,R25_37,R25_15,0.9443,0.9451,65,0.7280334728033473
37,16,R25_37,R26_16,0.9443,0.9449,34,0.8577405857740585
37,17,R25_37,R25_17,0.9443,0.9448,35,0.8535564853556485
37,18,R25_37,R25_18,0.9443,0.9448,30,0.8744769874476988
37,19,R25_37,R25_19,0.9443,0.9448,29,0.8786610878661087
37,20,R25_37,R25_20,0.9443,0.9448,40,0.8326359832635983
37,21,R25_37,R24_21,0.9443,0.9447,30,0.8744769874476988
37,22,R25_37,R25_22,0.9443,0.9447,36,0.8493723849372385
37,23,R25_37,R25_23,0.9443,0.9447,39,0.8368200836820083
37,24,R25_37,R26_24,0.9443,0.9446,32,0.8661087866108786
37,25,R25_37,R25_25,0.9443,0.9446,21,0.9121338912133892
37,26,R25_37,R25_26,0.9443,0.9446,26,0.891213389121339
37,27,R25_37,R25_27,0.9443,0.9446,31,0.8702928870292888
37,28,R25_37,R26_28,0.9443,0.9445,42,0.8242677824267782
37,29,R25_37,R25_29,0.9443,0.9445,28,0.8828451882845189
37,30,R25_37,R25_30,0.9443,0.9445,26,0.891213389121339
37,31,R25_37,R25_31,0.9443,0.9444,36,0.8493723849372385
37,32,R25_37,R25_32,0.9443,0.9444,35,0.8535564853556485
37,33,R25_37,R25_33,0.9443,0.9444,50,0.7907949790794979
37,34,R25_37,R24_34,0.9443,0.9443,37,0.8451882845188284
37,35,R25_37,R25_35,0.9443,0.9443,32,0.8661087866108786
37,36,R25_37,R25_36,0.9443,0.9443,29,0.8786610878661087
37,37,R25_37,R25_37,0.9443,0.9443,0,1.0
37,38,R25_37,R25_38,0.9443,0.9442,28,0.8828451882845189
37,39,R25_37,R25_39,0.9443,0.9442,33,0.8619246861924686
37,40,R25_37,R25_40,0.9443,0.9442,25,0.895397489539749
38,1,R25_38,R25_1,0.9442,0.9477,28,0.8828451882845189
38,2,R25_38,R25_2,0.9442,0.9468,31,0.8702928870292888
38,3,R25_38,R25_3,0.9442,0.9468,32,0.8661087866108786
38,4,R25_38,R25_4,0.9442,0.9466,30,0.8744769874476988
38,5,R25_38,R25_5,0.9442,0.9464,28,0.8828451882845189
38,6,R25_38,R25_6,0.9442,0.9463,40,0.8326359832635983
38,7,R25_38,R25_7,0.9442,0.9462,28,0.8828451882845189
38,8,R25_38,R25_8,0.9442,0.9458,35,0.8535564853556485
38,9,R25_38,R25_9,0.9442,0.9457,39,0.8368200836820083
38,10,R25_38,R25_10,0.9442,0.9455,39,0.8368200836820083
38,11,R25_38,R25_11,0.9442,0.9454,22,0.9079497907949791
38,12,R25_38,R25_12,0.9442,0.9452,32,0.8661087866108786
38,13,R25_38,R25_13,0.9442,0.9451,41,0.8284518828451883
38,14,R25_38,R25_14,0.9442,0.9451,43,0.8200836820083682
38,15,R25_38,R25_15,0.9442,0.9451,63,0.7364016736401673
38,16,R25_38,R26_16,0.9442,0.9449,41,0.8284518828451883
38,17,R25_38,R25_17,0.9442,0.9448,33,0.8619246861924686
38,18,R25_38,R25_18,0.9442,0.9448,23,0.9037656903765691
38,19,R25_38,R25_19,0.9442,0.9448,43,0.8200836820083682
38,20,R25_38,R25_20,0.9442,0.9448,44,0.8158995815899581
38,21,R25_38,R24_21,0.9442,0.9447,32,0.8661087866108786
38,22,R25_38,R25_22,0.9442,0.9447,32,0.8661087866108786
38,23,R25_38,R25_23,0.9442,0.9447,33,0.8619246861924686
38,24,R25_38,R26_24,0.9442,0.9446,28,0.8828451882845189
38,25,R25_38,R25_25,0.9442,0.9446,32,0.8661087866108786
38,26,R25_38,R25_26,0.9442,0.9446,32,0.8661087866108786
38,27,R25_38,R25_27,0.9442,0.9446,36,0.8493723849372385
38,28,R25_38,R26_28,0.9442,0.9445,33,0.8619246861924686
38,29,R25_38,R25_29,0.9442,0.9445,24,0.899581589958159
38,30,R25_38,R25_30,0.9442,0.9445,34,0.8577405857740585
38,31,R25_38,R25_31,0.9442,0.9444,24,0.899581589958159
38,32,R25_38,R25_32,0.9442,0.9444,36,0.8493723849372385
38,33,R25_38,R25_33,0.9442,0.9444,43,0.8200836820083682
38,34,R25_38,R24_34,0.9442,0.9443,35,0.8535564853556485
38,35,R25_38,R25_35,0.9442,0.9443,35,0.8535564853556485
38,36,R25_38,R25_36,0.9442,0.9443,27,0.8870292887029289
38,37,R25_38,R25_37,0.9442,0.9443,28,0.8828451882845189
38,38,R25_38,R25_38,0.9442,0.9442,0,1.0
38,39,R25_38,R25_39,0.9442,0.9442,32,0.8661087866108786
38,40,R25_38,R25_40,0.9442,0.9442,32,0.8661087866108786
39,1,R25_39,R25_1,0.9442,0.9477,29,0.8786610878661087
39,2,R25_39,R25_2,0.9442,0.9468,33,0.8619246861924686
39,3,R25_39,R25_3,0.9442,0.9468,39,0.8368200836820083
39,4,R25_39,R25_4,0.9442,0.9466,32,0.8661087866108786
39,5,R25_39,R25_5,0.9442,0.9464,34,0.8577405857740585
39,6,R25_39,R25_6,0.9442,0.9463,49,0.7949790794979079
39,7,R25_39,R25_7,0.9442,0.9462,35,0.8535564853556485
39,8,R25_39,R25_8,0.9442,0.9458,32,0.8661087866108786
39,9,R25_39,R25_9,0.9442,0.9457,51,0.7866108786610879
39,10,R25_39,R25_10,0.9442,0.9455,39,0.8368200836820083
39,11,R25_39,R25_11,0.9442,0.9454,42,0.8242677824267782
39,12,R25_39,R25_12,0.9442,0.9452,40,0.8326359832635983
39,13,R25_39,R25_13,0.9442,0.9451,44,0.8158995815899581
39,14,R25_39,R25_14,0.9442,0.9451,38,0.8410041841004184
39,15,R25_39,R25_15,0.9442,0.9451,65,0.7280334728033473
39,16,R25_39,R26_16,0.9442,0.9449,48,0.799163179916318
39,17,R25_39,R25_17,0.9442,0.9448,35,0.8535564853556485
39,18,R25_39,R25_18,0.9442,0.9448,38,0.8410041841004184
39,19,R25_39,R25_19,0.9442,0.9448,47,0.803347280334728
39,20,R25_39,R25_20,0.9442,0.9448,49,0.7949790794979079
39,21,R25_39,R24_21,0.9442,0.9447,47,0.803347280334728
39,22,R25_39,R25_22,0.9442,0.9447,32,0.8661087866108786
39,23,R25_39,R25_23,0.9442,0.9447,42,0.8242677824267782
39,24,R25_39,R26_24,0.9442,0.9446,36,0.8493723849372385
39,25,R25_39,R25_25,0.9442,0.9446,39,0.8368200836820083
39,26,R25_39,R25_26,0.9442,0.9446,42,0.8242677824267782
39,27,R25_39,R25_27,0.9442,0.9446,39,0.8368200836820083
39,28,R25_39,R26_28,0.9442,0.9445,45,0.8117154811715481
39,29,R25_39,R25_29,0.9442,0.9445,32,0.8661087866108786
39,30,R25_39,R25_30,0.9442,0.9445,34,0.8577405857740585
39,31,R25_39,R25_31,0.9442,0.9444,38,0.8410041841004184
39,32,R25_39,R25_32,0.9442,0.9444,38,0.8410041841004184
39,33,R25_39,R25_33,0.9442,0.9444,49,0.7949790794979079
39,34,R25_39,R24_34,0.9442,0.9443,40,0.8326359832635983
39,35,R25_39,R25_35,0.9442,0.9443,37,0.8451882845188284
39,36,R25_39,R25_36,0.9442,0.9443,31,0.8702928870292888
39,37,R25_39,R25_37,0.9442,0.9443,33,0.8619246861924686
39,38,R25_39,R25_38,0.9442,0.9442,32,0.8661087866108786
39,39,R25_39,R25_39,0.9442,0.9442,0,1.0
39,40,R25_39,R25_40,0.9442,0.9442,36,0.8493723849372385
40,1,R25_40,R25_1,0.9442,0.9477,31,0.8702928870292888
40,2,R25_40,R25_2,0.9442,0.9468,22,0.9079497907949791
40,3,R25_40,R25_3,0.9442,0.9468,40,0.8326359832635983
40,4,R25_40,R25_4,0.9442,0.9466,28,0.8828451882845189
40,5,R25_40,R25_5,0.9442,0.9464,35,0.8535564853556485
40,6,R25_40,R25_6,0.9442,0.9463,50,0.7907949790794979
40,7,R25_40,R25_7,0.9442,0.9462,27,0.8870292887029289
40,8,R25_40,R25_8,0.9442,0.9458,20,0.9163179916317992
40,9,R25_40,R25_9,0.9442,0.9457,46,0.8075313807531381
40,10,R25_40,R25_10,0.9442,0.9455,32,0.8661087866108786
40,11,R25_40,R25_11,0.9442,0.9454,41,0.8284518828451883
40,12,R25_40,R25_12,0.9442,0.9452,34,0.8577405857740585
40,13,R25_40,R25_13,0.9442,0.9451,46,0.8075313807531381
40,14,R25_40,R25_14,0.9442,0.9451,39,0.8368200836820083
40,15,R25_40,R25_15,0.9442,0.9451,63,0.7364016736401673
40,16,R25_40,R26_16,0.9442,0.9449,45,0.8117154811715481
40,17,R25_40,R25_17,0.9442,0.9448,43,0.8200836820083682
40,18,R25_40,R25_18,0.9442,0.9448,35,0.8535564853556485
40,19,R25_40,R25_19,0.9442,0.9448,37,0.8451882845188284
40,20,R25_40,R25_20,0.9442,0.9448,43,0.8200836820083682
40,21,R25_40,R24_21,0.9442,0.9447,38,0.8410041841004184
40,22,R25_40,R25_22,0.9442,0.9447,37,0.8451882845188284
40,23,R25_40,R25_23,0.9442,0.9447,43,0.8200836820083682
40,24,R25_40,R26_24,0.9442,0.9446,33,0.8619246861924686
40,25,R25_40,R25_25,0.9442,0.9446,34,0.8577405857740585
40,26,R25_40,R25_26,0.9442,0.9446,32,0.8661087866108786
40,27,R25_40,R25_27,0.9442,0.9446,34,0.8577405857740585
40,28,R25_40,R26_28,0.9442,0.9445,46,0.8075313807531381
40,29,R25_40,R25_29,0.9442,0.9445,34,0.8577405857740585
40,30,R25_40,R25_30,0.9442,0.9445,30,0.8744769874476988
40,31,R25_40,R25_31,0.9442,0.9444,40,0.8326359832635983
40,32,R25_40,R25_32,0.9442,0.9444,25,0.895397489539749
40,33,R25_40,R25_33,0.9442,0.9444,51,0.7866108786610879
40,34,R25_40,R24_34,0.9442,0.9443,45,0.8117154811715481
40,35,R25_40,R25_35,0.9442,0.9443,42,0.8242677824267782
40,36,R25_40,R25_36,0.9442,0.9443,37,0.8451882845188284
40,37,R25_40,R25_37,0.9442,0.9443,25,0.895397489539749
40,38,R25_40,R25_38,0.9442,0.9442,32,0.8661087866108786
40,39,R25_40,R25_39,0.9442,0.9442,36,0.8493723849372385
40,40,R25_40,R25_40,0.9442,0.9442,0,1.0
